Sep 24 18:07:17 CarKit systemd[1]: Started AGWPE-to-KISS Translation Bridge.
Sep 24 18:07:17 CarKit tncd[1052]: agwpe: listening on 127.0.0.1:8005
Sep 24 18:07:17 CarKit tncd[1052]: api: listening on 127.0.0.1:8002
Sep 24 18:07:17 CarKit tncd[1052]: time=2026-09-24T18:07:17.329-05:00 level=INFO msg="monitoring API started" listen=127.0.0.1:8002
Sep 24 18:07:17 CarKit tncd[1052]: time=2026-09-24T18:07:17.329-05:00 level=INFO msg="tncd running" version=2.0-main-0333204 listen=127.0.0.1:8005
Sep 24 18:07:17 CarKit tncd[1052]: time=2026-09-24T18:07:17.329-05:00 level=INFO msg="Press Ctrl+C to stop"
Sep 24 18:07:17 CarKit tncd[1052]: bluetooth: SPP profile registered at /org/tncd/spp
Sep 24 18:07:17 CarKit tncd[1052]: bluetooth: calling ConnectProfile on /org/bluez/hci0/dev_38_D2_00_01_52_8F
Sep 24 18:07:17 CarKit tncd[1052]: bluetooth: calling ConnectProfile on /org/bluez/hci0/dev_38_D2_00_01_67_9D
Sep 24 18:07:17 CarKit tncd[1052]: bluetooth: calling ConnectProfile on /org/bluez/hci0/dev_34_81_F4_AA_B3_D3
Sep 24 18:07:17 CarKit tncd[1052]: bridge: port 2 start error: bluetooth: ConnectProfile: Method "ConnectProfile" with signature "s" on interface "org.bluez.Device1" doesn't exist
Sep 24 18:07:17 CarKit tncd[1052]: bridge: port 2 reconnect in 5.0s
Sep 24 18:07:17 CarKit tncd[1052]: bridge: port 1 start error: bluetooth: ConnectProfile: Method "ConnectProfile" with signature "s" on interface "org.bluez.Device1" doesn't exist
Sep 24 18:07:17 CarKit tncd[1052]: bridge: port 1 reconnect in 5.0s
Sep 24 18:07:22 CarKit tncd[1052]: bluetooth: calling ConnectProfile on /org/bluez/hci0/dev_38_D2_00_01_52_8F
Sep 24 18:07:22 CarKit tncd[1052]: bluetooth: calling ConnectProfile on /org/bluez/hci0/dev_34_81_F4_AA_B3_D3
Sep 24 18:07:22 CarKit tncd[1052]: bridge: port 2 reconnect error: bluetooth: ConnectProfile: Method "ConnectProfile" with signature "s" on interface "org.bluez.Device1" doesn't exist
Sep 24 18:07:22 CarKit tncd[1052]: bridge: port 2 reconnect in 10.0s
Sep 24 18:07:22 CarKit tncd[1052]: bridge: port 1 reconnect error: bluetooth: ConnectProfile: Method "ConnectProfile" with signature "s" on interface "org.bluez.Device1" doesn't exist
Sep 24 18:07:22 CarKit tncd[1052]: bridge: port 1 reconnect in 10.0s
Sep 24 18:07:32 CarKit tncd[1052]: bluetooth: calling ConnectProfile on /org/bluez/hci0/dev_38_D2_00_01_52_8F
Sep 24 18:07:32 CarKit tncd[1052]: bluetooth: calling ConnectProfile on /org/bluez/hci0/dev_34_81_F4_AA_B3_D3
Sep 24 18:07:32 CarKit tncd[1052]: bridge: port 2 reconnect error: bluetooth: ConnectProfile: Method "ConnectProfile" with signature "s" on interface "org.bluez.Device1" doesn't exist
Sep 24 18:07:32 CarKit tncd[1052]: bridge: port 2 reconnect in 20.0s
Sep 24 18:07:32 CarKit tncd[1052]: bridge: port 1 reconnect error: bluetooth: ConnectProfile: Method "ConnectProfile" with signature "s" on interface "org.bluez.Device1" doesn't exist
Sep 24 18:07:32 CarKit tncd[1052]: bridge: port 1 reconnect in 20.0s
Sep 24 18:07:43 CarKit tncd[1052]: bridge: port 0 start error: bluetooth: connection to 38:D2:00:01:67:9D timed out (30s)
Sep 24 18:07:43 CarKit tncd[1052]: bridge: port 0 reconnect in 5.0s
Sep 24 18:07:48 CarKit tncd[1052]: bluetooth: calling ConnectProfile on /org/bluez/hci0/dev_38_D2_00_01_67_9D
Sep 24 18:07:48 CarKit tncd[1052]: bluetooth: calling ConnectProfile on /org/bluez/hci0/dev_38_D2_00_01_52_8F
Sep 24 18:07:48 CarKit tncd[1052]: bluetooth: calling ConnectProfile on /org/bluez/hci0/dev_34_81_F4_AA_B3_D3
Sep 24 18:07:48 CarKit tncd[1052]: bridge: port 2 reconnect error: bluetooth: ConnectProfile: Method "ConnectProfile" with signature "s" on interface "org.bluez.Device1" doesn't exist
Sep 24 18:07:48 CarKit tncd[1052]: bridge: port 2 reconnect in 40.0s
Sep 24 18:07:48 CarKit tncd[1052]: bridge: port 1 reconnect error: bluetooth: ConnectProfile: Method "ConnectProfile" with signature "s" on interface "org.bluez.Device1" doesn't exist
Sep 24 18:07:48 CarKit tncd[1052]: bridge: port 1 reconnect in 40.0s
Sep 24 18:08:18 CarKit tncd[1052]: bridge: port 0 reconnect error: bluetooth: connection to 38:D2:00:01:67:9D timed out (30s)
Sep 24 18:08:18 CarKit tncd[1052]: bridge: port 0 reconnect in 10.0s
Sep 24 18:08:28 CarKit tncd[1052]: bluetooth: calling ConnectProfile on /org/bluez/hci0/dev_38_D2_00_01_67_9D
Sep 24 18:08:28 CarKit tncd[1052]: bluetooth: calling ConnectProfile on /org/bluez/hci0/dev_34_81_F4_AA_B3_D3
Sep 24 18:08:28 CarKit tncd[1052]: bluetooth: calling ConnectProfile on /org/bluez/hci0/dev_38_D2_00_01_52_8F
Sep 24 18:08:28 CarKit tncd[1052]: bridge: port 1 reconnect error: bluetooth: ConnectProfile: Method "ConnectProfile" with signature "s" on interface "org.bluez.Device1" doesn't exist
Sep 24 18:08:28 CarKit tncd[1052]: bridge: port 2 reconnect error: bluetooth: ConnectProfile: Method "ConnectProfile" with signature "s" on interface "org.bluez.Device1" doesn't exist
Sep 24 18:08:28 CarKit tncd[1052]: bridge: port 1 reconnect in 60.0s
Sep 24 18:08:28 CarKit tncd[1052]: bridge: port 2 reconnect in 60.0s
Sep 24 18:08:38 CarKit tncd[1052]: agwpe: client connected from 127.0.0.1:54630
Sep 24 18:08:38 CarKit tncd[1052]: agwpe: handle_frame: port=0 kind=0x67 from="" to="" len=0
Sep 24 18:08:38 CarKit tncd[1052]: agwpe: PORT CAPABILITIES request for port 0
Sep 24 18:08:38 CarKit tncd[1052]: agwpe: handle_frame: port=0 kind=0x58 from="KU0HN" to="" len=0
Sep 24 18:08:38 CarKit tncd[1052]: agwpe: REGISTER from="KU0HN"
Sep 24 18:08:38 CarKit tncd[1052]: agwpe: handle_frame: port=0 kind=0x52 from="" to="" len=0
Sep 24 18:08:38 CarKit tncd[1052]: agwpe: VERSION request
Sep 24 18:08:38 CarKit tncd[1052]: agwpe: handle_frame: port=0 kind=0x52 from="" to="" len=0
Sep 24 18:08:38 CarKit tncd[1052]: agwpe: VERSION request
Sep 24 18:08:58 CarKit tncd[1052]: bridge: port 0 reconnect error: bluetooth: connection to 38:D2:00:01:67:9D timed out (30s)
Sep 24 18:08:58 CarKit tncd[1052]: bridge: port 0 reconnect in 20.0s
Sep 24 18:09:18 CarKit tncd[1052]: bluetooth: calling ConnectProfile on /org/bluez/hci0/dev_38_D2_00_01_67_9D
Sep 24 18:09:28 CarKit tncd[1052]: bluetooth: calling ConnectProfile on /org/bluez/hci0/dev_38_D2_00_01_52_8F
Sep 24 18:09:28 CarKit tncd[1052]: bluetooth: calling ConnectProfile on /org/bluez/hci0/dev_34_81_F4_AA_B3_D3
Sep 24 18:09:28 CarKit tncd[1052]: bridge: port 1 reconnect error: bluetooth: ConnectProfile: Method "ConnectProfile" with signature "s" on interface "org.bluez.Device1" doesn't exist
Sep 24 18:09:28 CarKit tncd[1052]: bridge: port 1 reconnect in 60.0s
Sep 24 18:09:28 CarKit tncd[1052]: bridge: port 2 reconnect error: bluetooth: ConnectProfile: Method "ConnectProfile" with signature "s" on interface "org.bluez.Device1" doesn't exist
Sep 24 18:09:28 CarKit tncd[1052]: bridge: port 2 reconnect in 60.0s
Sep 24 18:09:48 CarKit tncd[1052]: bridge: port 0 reconnect error: bluetooth: connection to 38:D2:00:01:67:9D timed out (30s)
Sep 24 18:09:48 CarKit tncd[1052]: bridge: port 0 reconnect in 40.0s
Sep 24 18:10:28 CarKit tncd[1052]: bluetooth: calling ConnectProfile on /org/bluez/hci0/dev_38_D2_00_01_67_9D
Sep 24 18:10:28 CarKit tncd[1052]: bluetooth: calling ConnectProfile on /org/bluez/hci0/dev_38_D2_00_01_52_8F
Sep 24 18:10:28 CarKit tncd[1052]: bluetooth: calling ConnectProfile on /org/bluez/hci0/dev_34_81_F4_AA_B3_D3
Sep 24 18:10:28 CarKit tncd[1052]: bridge: port 1 reconnect error: bluetooth: ConnectProfile: Method "ConnectProfile" with signature "s" on interface "org.bluez.Device1" doesn't exist
Sep 24 18:10:28 CarKit tncd[1052]: bridge: port 1 reconnect in 60.0s
Sep 24 18:10:28 CarKit tncd[1052]: bridge: port 2 reconnect error: bluetooth: ConnectProfile: Method "ConnectProfile" with signature "s" on interface "org.bluez.Device1" doesn't exist
Sep 24 18:10:28 CarKit tncd[1052]: bridge: port 2 reconnect in 60.0s
Sep 24 18:10:58 CarKit tncd[1052]: bridge: port 0 reconnect error: bluetooth: connection to 38:D2:00:01:67:9D timed out (30s)
Sep 24 18:10:58 CarKit tncd[1052]: bridge: port 0 reconnect in 60.0s
Sep 24 18:11:28 CarKit tncd[1052]: bluetooth: calling ConnectProfile on /org/bluez/hci0/dev_34_81_F4_AA_B3_D3
Sep 24 18:11:28 CarKit tncd[1052]: bridge: port 1 reconnect error: bluetooth: ConnectProfile: Method "ConnectProfile" with signature "s" on interface "org.bluez.Device1" doesn't exist
Sep 24 18:11:28 CarKit tncd[1052]: bridge: port 1 reconnect in 60.0s
Sep 24 18:11:28 CarKit tncd[1052]: bluetooth: calling ConnectProfile on /org/bluez/hci0/dev_38_D2_00_01_52_8F
Sep 24 18:11:28 CarKit tncd[1052]: bridge: port 2 reconnect error: bluetooth: ConnectProfile: Method "ConnectProfile" with signature "s" on interface "org.bluez.Device1" doesn't exist
Sep 24 18:11:28 CarKit tncd[1052]: bridge: port 2 reconnect in 60.0s
Sep 24 18:11:58 CarKit tncd[1052]: bluetooth: calling ConnectProfile on /org/bluez/hci0/dev_38_D2_00_01_67_9D
Sep 24 18:12:28 CarKit tncd[1052]: bridge: port 0 reconnect error: bluetooth: connection to 38:D2:00:01:67:9D timed out (30s)
Sep 24 18:12:28 CarKit tncd[1052]: bridge: port 0 reconnect in 60.0s
Sep 24 18:12:28 CarKit tncd[1052]: bluetooth: calling ConnectProfile on /org/bluez/hci0/dev_38_D2_00_01_52_8F
Sep 24 18:12:28 CarKit tncd[1052]: bluetooth: calling ConnectProfile on /org/bluez/hci0/dev_34_81_F4_AA_B3_D3
Sep 24 18:12:28 CarKit tncd[1052]: bridge: port 2 reconnect error: bluetooth: ConnectProfile: Method "ConnectProfile" with signature "s" on interface "org.bluez.Device1" doesn't exist
Sep 24 18:12:28 CarKit tncd[1052]: bridge: port 2 reconnect in 60.0s
Sep 24 18:12:28 CarKit tncd[1052]: bridge: port 1 reconnect error: bluetooth: ConnectProfile: Method "ConnectProfile" with signature "s" on interface "org.bluez.Device1" doesn't exist
Sep 24 18:12:28 CarKit tncd[1052]: bridge: port 1 reconnect in 60.0s
Sep 24 18:13:28 CarKit tncd[1052]: bluetooth: calling ConnectProfile on /org/bluez/hci0/dev_34_81_F4_AA_B3_D3
Sep 24 18:13:28 CarKit tncd[1052]: bluetooth: calling ConnectProfile on /org/bluez/hci0/dev_38_D2_00_01_67_9D
Sep 24 18:13:28 CarKit tncd[1052]: bluetooth: calling ConnectProfile on /org/bluez/hci0/dev_38_D2_00_01_52_8F
Sep 24 18:13:28 CarKit tncd[1052]: bridge: port 1 reconnect error: bluetooth: ConnectProfile: Method "ConnectProfile" with signature "s" on interface "org.bluez.Device1" doesn't exist
Sep 24 18:13:28 CarKit tncd[1052]: bridge: port 1 reconnect in 60.0s
Sep 24 18:13:28 CarKit tncd[1052]: bridge: port 2 reconnect error: bluetooth: ConnectProfile: Method "ConnectProfile" with signature "s" on interface "org.bluez.Device1" doesn't exist
Sep 24 18:13:28 CarKit tncd[1052]: bridge: port 2 reconnect in 60.0s
Sep 24 18:13:43 CarKit tncd[1052]: bridge: closing idle AGWPE client
Sep 24 18:13:43 CarKit tncd[1052]: agwpe: read error from 127.0.0.1:54630: read tcp 127.0.0.1:8005->127.0.0.1:54630: use of closed network connection
Sep 24 18:13:43 CarKit tncd[1052]: agwpe: client disconnected from 127.0.0.1:54630
Sep 24 18:13:43 CarKit tncd[1052]: agwpe: client connected from 127.0.0.1:38110
Sep 24 18:13:43 CarKit tncd[1052]: agwpe: handle_frame: port=0 kind=0x67 from="" to="" len=0
Sep 24 18:13:43 CarKit tncd[1052]: agwpe: PORT CAPABILITIES request for port 0
Sep 24 18:13:43 CarKit tncd[1052]: agwpe: handle_frame: port=0 kind=0x58 from="KU0HN" to="" len=0
Sep 24 18:13:43 CarKit tncd[1052]: agwpe: REGISTER from="KU0HN"
Sep 24 18:13:43 CarKit tncd[1052]: agwpe: handle_frame: port=0 kind=0x52 from="" to="" len=0
Sep 24 18:13:43 CarKit tncd[1052]: agwpe: VERSION request
Sep 24 18:13:43 CarKit tncd[1052]: agwpe: handle_frame: port=0 kind=0x52 from="" to="" len=0
Sep 24 18:13:43 CarKit tncd[1052]: agwpe: VERSION request
Sep 24 18:13:58 CarKit tncd[1052]: bridge: port 0 reconnect error: bluetooth: connection to 38:D2:00:01:67:9D timed out (30s)
Sep 24 18:13:58 CarKit tncd[1052]: bridge: port 0 reconnect in 60.0s
Sep 24 18:14:28 CarKit tncd[1052]: bluetooth: calling ConnectProfile on /org/bluez/hci0/dev_34_81_F4_AA_B3_D3
Sep 24 18:14:28 CarKit tncd[1052]: bluetooth: calling ConnectProfile on /org/bluez/hci0/dev_38_D2_00_01_52_8F
Sep 24 18:14:28 CarKit tncd[1052]: bridge: port 1 reconnect error: bluetooth: ConnectProfile: Method "ConnectProfile" with signature "s" on interface "org.bluez.Device1" doesn't exist
Sep 24 18:14:28 CarKit tncd[1052]: bridge: port 1 reconnect in 60.0s
Sep 24 18:14:28 CarKit tncd[1052]: bridge: port 2 reconnect error: bluetooth: ConnectProfile: Method "ConnectProfile" with signature "s" on interface "org.bluez.Device1" doesn't exist
Sep 24 18:14:28 CarKit tncd[1052]: bridge: port 2 reconnect in 60.0s
Sep 24 18:14:58 CarKit tncd[1052]: bluetooth: calling ConnectProfile on /org/bluez/hci0/dev_38_D2_00_01_67_9D
Sep 24 18:15:28 CarKit tncd[1052]: bridge: port 0 reconnect error: bluetooth: connection to 38:D2:00:01:67:9D timed out (30s)
Sep 24 18:15:28 CarKit tncd[1052]: bridge: port 0 reconnect in 60.0s
Sep 24 18:15:28 CarKit tncd[1052]: bluetooth: calling ConnectProfile on /org/bluez/hci0/dev_38_D2_00_01_52_8F
Sep 24 18:15:28 CarKit tncd[1052]: bluetooth: calling ConnectProfile on /org/bluez/hci0/dev_34_81_F4_AA_B3_D3
Sep 24 18:15:28 CarKit tncd[1052]: bridge: port 2 reconnect error: bluetooth: ConnectProfile: Method "ConnectProfile" with signature "s" on interface "org.bluez.Device1" doesn't exist
Sep 24 18:15:28 CarKit tncd[1052]: bridge: port 2 reconnect in 60.0s
Sep 24 18:15:28 CarKit tncd[1052]: bridge: port 1 reconnect error: bluetooth: ConnectProfile: Method "ConnectProfile" with signature "s" on interface "org.bluez.Device1" doesn't exist
Sep 24 18:15:28 CarKit tncd[1052]: bridge: port 1 reconnect in 60.0s
Sep 24 18:16:28 CarKit tncd[1052]: bluetooth: calling ConnectProfile on /org/bluez/hci0/dev_38_D2_00_01_67_9D
Sep 24 18:16:28 CarKit tncd[1052]: bluetooth: calling ConnectProfile on /org/bluez/hci0/dev_38_D2_00_01_52_8F
Sep 24 18:16:28 CarKit tncd[1052]: bluetooth: calling ConnectProfile on /org/bluez/hci0/dev_34_81_F4_AA_B3_D3
Sep 24 18:16:28 CarKit tncd[1052]: bridge: port 2 reconnect error: bluetooth: ConnectProfile: Method "ConnectProfile" with signature "s" on interface "org.bluez.Device1" doesn't exist
Sep 24 18:16:28 CarKit tncd[1052]: bridge: port 2 reconnect in 60.0s
Sep 24 18:16:28 CarKit tncd[1052]: bridge: port 1 reconnect error: bluetooth: ConnectProfile: Method "ConnectProfile" with signature "s" on interface "org.bluez.Device1" doesn't exist
Sep 24 18:16:28 CarKit tncd[1052]: bridge: port 1 reconnect in 60.0s
Sep 24 18:16:58 CarKit tncd[1052]: bridge: port 0 reconnect error: bluetooth: connection to 38:D2:00:01:67:9D timed out (30s)
Sep 24 18:16:58 CarKit tncd[1052]: bridge: port 0 reconnect in 60.0s
Sep 24 18:17:28 CarKit tncd[1052]: bluetooth: calling ConnectProfile on /org/bluez/hci0/dev_38_D2_00_01_52_8F
Sep 24 18:17:28 CarKit tncd[1052]: bridge: port 2 reconnect error: bluetooth: ConnectProfile: Method "ConnectProfile" with signature "s" on interface "org.bluez.Device1" doesn't exist
Sep 24 18:17:28 CarKit tncd[1052]: bridge: port 2 reconnect in 60.0s
Sep 24 18:17:28 CarKit tncd[1052]: bluetooth: calling ConnectProfile on /org/bluez/hci0/dev_34_81_F4_AA_B3_D3
Sep 24 18:17:28 CarKit tncd[1052]: bridge: port 1 reconnect error: bluetooth: ConnectProfile: Method "ConnectProfile" with signature "s" on interface "org.bluez.Device1" doesn't exist
Sep 24 18:17:28 CarKit tncd[1052]: bridge: port 1 reconnect in 60.0s
Sep 24 18:17:58 CarKit tncd[1052]: bluetooth: calling ConnectProfile on /org/bluez/hci0/dev_38_D2_00_01_67_9D
Sep 24 18:18:28 CarKit tncd[1052]: bridge: port 0 reconnect error: bluetooth: connection to 38:D2:00:01:67:9D timed out (30s)
Sep 24 18:18:28 CarKit tncd[1052]: bridge: port 0 reconnect in 60.0s
Sep 24 18:18:28 CarKit tncd[1052]: bluetooth: calling ConnectProfile on /org/bluez/hci0/dev_34_81_F4_AA_B3_D3
Sep 24 18:18:28 CarKit tncd[1052]: bridge: port 1 reconnect error: bluetooth: ConnectProfile: Method "ConnectProfile" with signature "s" on interface "org.bluez.Device1" doesn't exist
Sep 24 18:18:28 CarKit tncd[1052]: bridge: port 1 reconnect in 60.0s
Sep 24 18:18:28 CarKit tncd[1052]: bluetooth: calling ConnectProfile on /org/bluez/hci0/dev_38_D2_00_01_52_8F
Sep 24 18:18:28 CarKit tncd[1052]: bridge: port 2 reconnect error: bluetooth: ConnectProfile: Method "ConnectProfile" with signature "s" on interface "org.bluez.Device1" doesn't exist
Sep 24 18:18:28 CarKit tncd[1052]: bridge: port 2 reconnect in 60.0s
Sep 24 18:18:43 CarKit tncd[1052]: bridge: closing idle AGWPE client
Sep 24 18:18:43 CarKit tncd[1052]: agwpe: read error from 127.0.0.1:38110: read tcp 127.0.0.1:8005->127.0.0.1:38110: use of closed network connection
Sep 24 18:18:43 CarKit tncd[1052]: agwpe: client disconnected from 127.0.0.1:38110
Sep 24 18:18:43 CarKit tncd[1052]: agwpe: client connected from 127.0.0.1:54552
Sep 24 18:18:43 CarKit tncd[1052]: agwpe: handle_frame: port=0 kind=0x67 from="" to="" len=0
Sep 24 18:18:43 CarKit tncd[1052]: agwpe: PORT CAPABILITIES request for port 0
Sep 24 18:18:43 CarKit tncd[1052]: agwpe: handle_frame: port=0 kind=0x58 from="KU0HN" to="" len=0
Sep 24 18:18:43 CarKit tncd[1052]: agwpe: REGISTER from="KU0HN"
Sep 24 18:18:43 CarKit tncd[1052]: agwpe: handle_frame: port=0 kind=0x52 from="" to="" len=0
Sep 24 18:18:43 CarKit tncd[1052]: agwpe: VERSION request
Sep 24 18:18:43 CarKit tncd[1052]: agwpe: handle_frame: port=0 kind=0x52 from="" to="" len=0
Sep 24 18:18:43 CarKit tncd[1052]: agwpe: VERSION request
Sep 24 18:19:28 CarKit tncd[1052]: bluetooth: calling ConnectProfile on /org/bluez/hci0/dev_38_D2_00_01_67_9D
Sep 24 18:19:28 CarKit tncd[1052]: bluetooth: calling ConnectProfile on /org/bluez/hci0/dev_34_81_F4_AA_B3_D3
Sep 24 18:19:28 CarKit tncd[1052]: bridge: port 1 reconnect error: bluetooth: ConnectProfile: Method "ConnectProfile" with signature "s" on interface "org.bluez.Device1" doesn't exist
Sep 24 18:19:28 CarKit tncd[1052]: bridge: port 1 reconnect in 60.0s
Sep 24 18:19:28 CarKit tncd[1052]: bluetooth: calling ConnectProfile on /org/bluez/hci0/dev_38_D2_00_01_52_8F
Sep 24 18:19:28 CarKit tncd[1052]: bridge: port 2 reconnect error: bluetooth: ConnectProfile: Method "ConnectProfile" with signature "s" on interface "org.bluez.Device1" doesn't exist
Sep 24 18:19:28 CarKit tncd[1052]: bridge: port 2 reconnect in 60.0s
Sep 24 18:19:58 CarKit tncd[1052]: bridge: port 0 reconnect error: bluetooth: connection to 38:D2:00:01:67:9D timed out (30s)
Sep 24 18:19:58 CarKit tncd[1052]: bridge: port 0 reconnect in 60.0s
Sep 24 18:20:28 CarKit tncd[1052]: bluetooth: calling ConnectProfile on /org/bluez/hci0/dev_34_81_F4_AA_B3_D3
Sep 24 18:20:28 CarKit tncd[1052]: bluetooth: calling ConnectProfile on /org/bluez/hci0/dev_38_D2_00_01_52_8F
Sep 24 18:20:28 CarKit tncd[1052]: bridge: port 1 reconnect error: bluetooth: ConnectProfile: Method "ConnectProfile" with signature "s" on interface "org.bluez.Device1" doesn't exist
Sep 24 18:20:28 CarKit tncd[1052]: bridge: port 1 reconnect in 60.0s
Sep 24 18:20:28 CarKit tncd[1052]: bridge: port 2 reconnect error: bluetooth: ConnectProfile: Method "ConnectProfile" with signature "s" on interface "org.bluez.Device1" doesn't exist
Sep 24 18:20:28 CarKit tncd[1052]: bridge: port 2 reconnect in 60.0s
Sep 24 18:20:58 CarKit tncd[1052]: bluetooth: calling ConnectProfile on /org/bluez/hci0/dev_38_D2_00_01_67_9D
Sep 24 18:21:28 CarKit tncd[1052]: bridge: port 0 reconnect error: bluetooth: connection to 38:D2:00:01:67:9D timed out (30s)
Sep 24 18:21:28 CarKit tncd[1052]: bridge: port 0 reconnect in 60.0s
Sep 24 18:21:28 CarKit tncd[1052]: bluetooth: calling ConnectProfile on /org/bluez/hci0/dev_34_81_F4_AA_B3_D3
Sep 24 18:21:28 CarKit tncd[1052]: bluetooth: calling ConnectProfile on /org/bluez/hci0/dev_38_D2_00_01_52_8F
Sep 24 18:21:28 CarKit tncd[1052]: bridge: port 1 reconnect error: bluetooth: ConnectProfile: Method "ConnectProfile" with signature "s" on interface "org.bluez.Device1" doesn't exist
Sep 24 18:21:28 CarKit tncd[1052]: bridge: port 1 reconnect in 60.0s
Sep 24 18:21:28 CarKit tncd[1052]: bridge: port 2 reconnect error: bluetooth: ConnectProfile: Method "ConnectProfile" with signature "s" on interface "org.bluez.Device1" doesn't exist
Sep 24 18:21:28 CarKit tncd[1052]: bridge: port 2 reconnect in 60.0s
Sep 24 18:22:28 CarKit tncd[1052]: bluetooth: calling ConnectProfile on /org/bluez/hci0/dev_34_81_F4_AA_B3_D3
Sep 24 18:22:28 CarKit tncd[1052]: bridge: port 1 reconnect error: bluetooth: ConnectProfile: Method "ConnectProfile" with signature "s" on interface "org.bluez.Device1" doesn't exist
Sep 24 18:22:28 CarKit tncd[1052]: bridge: port 1 reconnect in 60.0s
Sep 24 18:22:28 CarKit tncd[1052]: bluetooth: calling ConnectProfile on /org/bluez/hci0/dev_38_D2_00_01_52_8F
Sep 24 18:22:28 CarKit tncd[1052]: bluetooth: calling ConnectProfile on /org/bluez/hci0/dev_38_D2_00_01_67_9D
Sep 24 18:22:28 CarKit tncd[1052]: bridge: port 2 reconnect error: bluetooth: ConnectProfile: Method "ConnectProfile" with signature "s" on interface "org.bluez.Device1" doesn't exist
Sep 24 18:22:28 CarKit tncd[1052]: bridge: port 2 reconnect in 60.0s
Sep 24 18:22:58 CarKit tncd[1052]: bridge: port 0 reconnect error: bluetooth: connection to 38:D2:00:01:67:9D timed out (30s)
Sep 24 18:22:58 CarKit tncd[1052]: bridge: port 0 reconnect in 60.0s
Sep 24 18:23:28 CarKit tncd[1052]: bluetooth: calling ConnectProfile on /org/bluez/hci0/dev_38_D2_00_01_52_8F
Sep 24 18:23:28 CarKit tncd[1052]: bluetooth: calling ConnectProfile on /org/bluez/hci0/dev_34_81_F4_AA_B3_D3
Sep 24 18:23:28 CarKit tncd[1052]: bridge: port 1 reconnect error: bluetooth: ConnectProfile: Method "ConnectProfile" with signature "s" on interface "org.bluez.Device1" doesn't exist
Sep 24 18:23:28 CarKit tncd[1052]: bridge: port 1 reconnect in 60.0s
Sep 24 18:23:28 CarKit tncd[1052]: bridge: port 2 reconnect error: bluetooth: ConnectProfile: Method "ConnectProfile" with signature "s" on interface "org.bluez.Device1" doesn't exist
Sep 24 18:23:28 CarKit tncd[1052]: bridge: port 2 reconnect in 60.0s
Sep 24 18:23:43 CarKit tncd[1052]: bridge: closing idle AGWPE client
Sep 24 18:23:43 CarKit tncd[1052]: agwpe: read error from 127.0.0.1:54552: read tcp 127.0.0.1:8005->127.0.0.1:54552: use of closed network connection
Sep 24 18:23:43 CarKit tncd[1052]: agwpe: client disconnected from 127.0.0.1:54552
Sep 24 18:23:43 CarKit tncd[1052]: agwpe: client connected from 127.0.0.1:35216
Sep 24 18:23:43 CarKit tncd[1052]: agwpe: handle_frame: port=0 kind=0x67 from="" to="" len=0
Sep 24 18:23:43 CarKit tncd[1052]: agwpe: PORT CAPABILITIES request for port 0
Sep 24 18:23:43 CarKit tncd[1052]: agwpe: handle_frame: port=0 kind=0x58 from="KU0HN" to="" len=0
Sep 24 18:23:43 CarKit tncd[1052]: agwpe: REGISTER from="KU0HN"
Sep 24 18:23:43 CarKit tncd[1052]: agwpe: handle_frame: port=0 kind=0x52 from="" to="" len=0
Sep 24 18:23:43 CarKit tncd[1052]: agwpe: VERSION request
Sep 24 18:23:43 CarKit tncd[1052]: agwpe: handle_frame: port=0 kind=0x52 from="" to="" len=0
Sep 24 18:23:43 CarKit tncd[1052]: agwpe: VERSION request
Sep 24 18:23:58 CarKit tncd[1052]: bluetooth: calling ConnectProfile on /org/bluez/hci0/dev_38_D2_00_01_67_9D
Sep 24 18:24:28 CarKit tncd[1052]: bridge: port 0 reconnect error: bluetooth: connection to 38:D2:00:01:67:9D timed out (30s)
Sep 24 18:24:28 CarKit tncd[1052]: bridge: port 0 reconnect in 60.0s
Sep 24 18:24:28 CarKit tncd[1052]: bluetooth: calling ConnectProfile on /org/bluez/hci0/dev_34_81_F4_AA_B3_D3
Sep 24 18:24:28 CarKit tncd[1052]: bridge: port 1 reconnect error: bluetooth: ConnectProfile: Method "ConnectProfile" with signature "s" on interface "org.bluez.Device1" doesn't exist
Sep 24 18:24:28 CarKit tncd[1052]: bridge: port 1 reconnect in 60.0s
Sep 24 18:24:28 CarKit tncd[1052]: bluetooth: calling ConnectProfile on /org/bluez/hci0/dev_38_D2_00_01_52_8F
Sep 24 18:24:28 CarKit tncd[1052]: bridge: port 2 reconnect error: bluetooth: ConnectProfile: Method "ConnectProfile" with signature "s" on interface "org.bluez.Device1" doesn't exist
Sep 24 18:24:28 CarKit tncd[1052]: bridge: port 2 reconnect in 60.0s
Sep 24 18:25:28 CarKit tncd[1052]: bluetooth: calling ConnectProfile on /org/bluez/hci0/dev_38_D2_00_01_67_9D
Sep 24 18:25:28 CarKit tncd[1052]: bluetooth: calling ConnectProfile on /org/bluez/hci0/dev_34_81_F4_AA_B3_D3
Sep 24 18:25:28 CarKit tncd[1052]: bluetooth: calling ConnectProfile on /org/bluez/hci0/dev_38_D2_00_01_52_8F
Sep 24 18:25:28 CarKit tncd[1052]: bridge: port 2 reconnect error: bluetooth: ConnectProfile: Method "ConnectProfile" with signature "s" on interface "org.bluez.Device1" doesn't exist
Sep 24 18:25:28 CarKit tncd[1052]: bridge: port 2 reconnect in 60.0s
Sep 24 18:25:28 CarKit tncd[1052]: bridge: port 1 reconnect error: bluetooth: ConnectProfile: Method "ConnectProfile" with signature "s" on interface "org.bluez.Device1" doesn't exist
Sep 24 18:25:28 CarKit tncd[1052]: bridge: port 1 reconnect in 60.0s
Sep 24 18:25:58 CarKit tncd[1052]: bridge: port 0 reconnect error: bluetooth: connection to 38:D2:00:01:67:9D timed out (30s)
Sep 24 18:25:58 CarKit tncd[1052]: bridge: port 0 reconnect in 60.0s
Sep 24 18:26:28 CarKit tncd[1052]: bluetooth: calling ConnectProfile on /org/bluez/hci0/dev_38_D2_00_01_52_8F
Sep 24 18:26:28 CarKit tncd[1052]: bluetooth: calling ConnectProfile on /org/bluez/hci0/dev_34_81_F4_AA_B3_D3
Sep 24 18:26:28 CarKit tncd[1052]: bridge: port 1 reconnect error: bluetooth: ConnectProfile: Method "ConnectProfile" with signature "s" on interface "org.bluez.Device1" doesn't exist
Sep 24 18:26:28 CarKit tncd[1052]: bridge: port 1 reconnect in 60.0s
Sep 24 18:26:28 CarKit tncd[1052]: bridge: port 2 reconnect error: bluetooth: ConnectProfile: Method "ConnectProfile" with signature "s" on interface "org.bluez.Device1" doesn't exist
Sep 24 18:26:28 CarKit tncd[1052]: bridge: port 2 reconnect in 60.0s
Sep 24 18:26:58 CarKit tncd[1052]: bluetooth: calling ConnectProfile on /org/bluez/hci0/dev_38_D2_00_01_67_9D
Sep 24 18:27:06 CarKit tncd[1052]: agwpe: client disconnected from 127.0.0.1:35216
Sep 24 18:27:06 CarKit systemd[1]: Stopping AGWPE-to-KISS Translation Bridge...
Sep 24 18:27:06 CarKit tncd[1052]: time=2026-09-24T18:27:06.291-05:00 level=INFO msg="Received signal, shutting down..." signal=terminated
Sep 24 18:27:06 CarKit tncd[1052]: time=2026-09-24T18:27:06.291-05:00 level=INFO msg="tncd stopped"
Sep 24 18:27:06 CarKit systemd[1]: tncd.service: Deactivated successfully.
Sep 24 18:27:06 CarKit systemd[1]: Stopped AGWPE-to-KISS Translation Bridge.
Sep 24 18:27:06 CarKit systemd[1]: tncd.service: Consumed 139ms CPU time over 19min 53.001s wall clock time, 13.3M memory peak, 6.8M read from disk, 9.5K incoming IP traffic, 9.3K outgoing IP traffic.
Sep 24 18:27:11 CarKit systemd[1]: Started AGWPE-to-KISS Translation Bridge.
Sep 24 18:27:12 CarKit tncd[142431]: agwpe: listening on 127.0.0.1:8005
Sep 24 18:27:12 CarKit tncd[142431]: api: listening on 127.0.0.1:8002
Sep 24 18:27:12 CarKit tncd[142431]: time=2026-09-24T18:27:12.044-05:00 level=INFO msg="monitoring API started" listen=127.0.0.1:8002
Sep 24 18:27:12 CarKit tncd[142431]: time=2026-09-24T18:27:12.044-05:00 level=INFO msg="tncd running" version=2.0-main-0333204 listen=127.0.0.1:8005
Sep 24 18:27:12 CarKit tncd[142431]: time=2026-09-24T18:27:12.044-05:00 level=INFO msg="Press Ctrl+C to stop"
Sep 24 18:27:12 CarKit tncd[142431]: bluetooth: SPP profile registered at /org/tncd/spp
Sep 24 18:27:12 CarKit tncd[142431]: bluetooth: calling ConnectProfile on /org/bluez/hci0/dev_38_D2_00_01_52_8F
Sep 24 18:27:12 CarKit tncd[142431]: bluetooth: calling ConnectProfile on /org/bluez/hci0/dev_34_81_F4_AA_B3_D3
Sep 24 18:27:12 CarKit tncd[142431]: bluetooth: calling ConnectProfile on /org/bluez/hci0/dev_38_D2_00_01_67_9D
Sep 24 18:27:12 CarKit tncd[142431]: bridge: port 1 start error: bluetooth: ConnectProfile: Method "ConnectProfile" with signature "s" on interface "org.bluez.Device1" doesn't exist
Sep 24 18:27:12 CarKit tncd[142431]: bridge: port 1 reconnect in 5.0s
Sep 24 18:27:12 CarKit tncd[142431]: bridge: port 2 start error: bluetooth: ConnectProfile: Method "ConnectProfile" with signature "s" on interface "org.bluez.Device1" doesn't exist
Sep 24 18:27:12 CarKit tncd[142431]: bridge: port 2 reconnect in 5.0s
Sep 24 18:27:17 CarKit tncd[142431]: bluetooth: calling ConnectProfile on /org/bluez/hci0/dev_34_81_F4_AA_B3_D3
Sep 24 18:27:17 CarKit tncd[142431]: bridge: port 1 reconnect error: bluetooth: ConnectProfile: Method "ConnectProfile" with signature "s" on interface "org.bluez.Device1" doesn't exist
Sep 24 18:27:17 CarKit tncd[142431]: bridge: port 1 reconnect in 10.0s
Sep 24 18:27:17 CarKit tncd[142431]: bluetooth: calling ConnectProfile on /org/bluez/hci0/dev_38_D2_00_01_52_8F
Sep 24 18:27:17 CarKit tncd[142431]: bridge: port 2 reconnect error: bluetooth: ConnectProfile: Method "ConnectProfile" with signature "s" on interface "org.bluez.Device1" doesn't exist
Sep 24 18:27:17 CarKit tncd[142431]: bridge: port 2 reconnect in 10.0s
Sep 24 18:27:27 CarKit tncd[142431]: bluetooth: calling ConnectProfile on /org/bluez/hci0/dev_34_81_F4_AA_B3_D3
Sep 24 18:27:27 CarKit tncd[142431]: bridge: port 1 reconnect error: bluetooth: ConnectProfile: Method "ConnectProfile" with signature "s" on interface "org.bluez.Device1" doesn't exist
Sep 24 18:27:27 CarKit tncd[142431]: bridge: port 1 reconnect in 20.0s
Sep 24 18:27:27 CarKit tncd[142431]: bluetooth: calling ConnectProfile on /org/bluez/hci0/dev_38_D2_00_01_52_8F
Sep 24 18:27:27 CarKit tncd[142431]: bridge: port 2 reconnect error: bluetooth: ConnectProfile: Method "ConnectProfile" with signature "s" on interface "org.bluez.Device1" doesn't exist
Sep 24 18:27:27 CarKit tncd[142431]: bridge: port 2 reconnect in 20.0s
Sep 24 18:27:42 CarKit tncd[142431]: bridge: port 0 start error: bluetooth: connection to 38:D2:00:01:67:9D timed out (30s)
Sep 24 18:27:42 CarKit tncd[142431]: bridge: port 0 reconnect in 5.0s
Sep 24 18:27:47 CarKit tncd[142431]: bluetooth: calling ConnectProfile on /org/bluez/hci0/dev_38_D2_00_01_67_9D
Sep 24 18:27:47 CarKit tncd[142431]: bluetooth: calling ConnectProfile on /org/bluez/hci0/dev_34_81_F4_AA_B3_D3
Sep 24 18:27:47 CarKit tncd[142431]: bluetooth: calling ConnectProfile on /org/bluez/hci0/dev_38_D2_00_01_52_8F
Sep 24 18:27:47 CarKit tncd[142431]: bridge: port 2 reconnect error: bluetooth: ConnectProfile: Method "ConnectProfile" with signature "s" on interface "org.bluez.Device1" doesn't exist
Sep 24 18:27:47 CarKit tncd[142431]: bridge: port 2 reconnect in 40.0s
Sep 24 18:27:47 CarKit tncd[142431]: bridge: port 1 reconnect error: bluetooth: ConnectProfile: Method "ConnectProfile" with signature "s" on interface "org.bluez.Device1" doesn't exist
Sep 24 18:27:47 CarKit tncd[142431]: bridge: port 1 reconnect in 40.0s
Sep 24 18:28:17 CarKit tncd[142431]: bridge: port 0 reconnect error: bluetooth: connection to 38:D2:00:01:67:9D timed out (30s)
Sep 24 18:28:17 CarKit tncd[142431]: bridge: port 0 reconnect in 10.0s
Sep 24 18:28:27 CarKit tncd[142431]: bluetooth: calling ConnectProfile on /org/bluez/hci0/dev_38_D2_00_01_67_9D
Sep 24 18:28:27 CarKit tncd[142431]: bluetooth: calling ConnectProfile on /org/bluez/hci0/dev_38_D2_00_01_52_8F
Sep 24 18:28:27 CarKit tncd[142431]: bluetooth: calling ConnectProfile on /org/bluez/hci0/dev_34_81_F4_AA_B3_D3
Sep 24 18:28:27 CarKit tncd[142431]: bridge: port 2 reconnect error: bluetooth: ConnectProfile: Method "ConnectProfile" with signature "s" on interface "org.bluez.Device1" doesn't exist
Sep 24 18:28:27 CarKit tncd[142431]: bridge: port 2 reconnect in 60.0s
Sep 24 18:28:27 CarKit tncd[142431]: bridge: port 1 reconnect error: bluetooth: ConnectProfile: Method "ConnectProfile" with signature "s" on interface "org.bluez.Device1" doesn't exist
Sep 24 18:28:27 CarKit tncd[142431]: bridge: port 1 reconnect in 60.0s
Sep 24 18:28:42 CarKit tncd[142431]: agwpe: client connected from 127.0.0.1:60278
Sep 24 18:28:42 CarKit tncd[142431]: agwpe: handle_frame: port=0 kind=0x67 from="" to="" len=0
Sep 24 18:28:42 CarKit tncd[142431]: agwpe: PORT CAPABILITIES request for port 0
Sep 24 18:28:42 CarKit tncd[142431]: agwpe: handle_frame: port=0 kind=0x58 from="KU0HN" to="" len=0
Sep 24 18:28:42 CarKit tncd[142431]: agwpe: REGISTER from="KU0HN"
Sep 24 18:28:42 CarKit tncd[142431]: agwpe: handle_frame: port=0 kind=0x52 from="" to="" len=0
Sep 24 18:28:42 CarKit tncd[142431]: agwpe: VERSION request
Sep 24 18:28:42 CarKit tncd[142431]: agwpe: handle_frame: port=0 kind=0x52 from="" to="" len=0
Sep 24 18:28:42 CarKit tncd[142431]: agwpe: VERSION request
Sep 24 18:28:57 CarKit tncd[142431]: bridge: port 0 reconnect error: bluetooth: connection to 38:D2:00:01:67:9D timed out (30s)
Sep 24 18:28:57 CarKit tncd[142431]: bridge: port 0 reconnect in 20.0s
Sep 24 18:29:17 CarKit tncd[142431]: bluetooth: calling ConnectProfile on /org/bluez/hci0/dev_38_D2_00_01_67_9D
Sep 24 18:29:27 CarKit tncd[142431]: bluetooth: calling ConnectProfile on /org/bluez/hci0/dev_38_D2_00_01_52_8F
Sep 24 18:29:27 CarKit tncd[142431]: bluetooth: calling ConnectProfile on /org/bluez/hci0/dev_34_81_F4_AA_B3_D3
Sep 24 18:29:27 CarKit tncd[142431]: bridge: port 2 reconnect error: bluetooth: ConnectProfile: Method "ConnectProfile" with signature "s" on interface "org.bluez.Device1" doesn't exist
Sep 24 18:29:27 CarKit tncd[142431]: bridge: port 2 reconnect in 60.0s
Sep 24 18:29:27 CarKit tncd[142431]: bridge: port 1 reconnect error: bluetooth: ConnectProfile: Method "ConnectProfile" with signature "s" on interface "org.bluez.Device1" doesn't exist
Sep 24 18:29:27 CarKit tncd[142431]: bridge: port 1 reconnect in 60.0s
Sep 24 18:29:47 CarKit tncd[142431]: bridge: port 0 reconnect error: bluetooth: connection to 38:D2:00:01:67:9D timed out (30s)
Sep 24 18:29:47 CarKit tncd[142431]: bridge: port 0 reconnect in 40.0s
Sep 24 18:30:27 CarKit tncd[142431]: bluetooth: calling ConnectProfile on /org/bluez/hci0/dev_38_D2_00_01_52_8F
Sep 24 18:30:27 CarKit tncd[142431]: bluetooth: calling ConnectProfile on /org/bluez/hci0/dev_34_81_F4_AA_B3_D3
Sep 24 18:30:27 CarKit tncd[142431]: bluetooth: calling ConnectProfile on /org/bluez/hci0/dev_38_D2_00_01_67_9D
Sep 24 18:30:27 CarKit tncd[142431]: bridge: port 2 reconnect error: bluetooth: ConnectProfile: Method "ConnectProfile" with signature "s" on interface "org.bluez.Device1" doesn't exist
Sep 24 18:30:27 CarKit tncd[142431]: bridge: port 2 reconnect in 60.0s
Sep 24 18:30:27 CarKit tncd[142431]: bridge: port 1 reconnect error: bluetooth: ConnectProfile: Method "ConnectProfile" with signature "s" on interface "org.bluez.Device1" doesn't exist
Sep 24 18:30:27 CarKit tncd[142431]: bridge: port 1 reconnect in 60.0s
Sep 24 18:30:57 CarKit tncd[142431]: bridge: port 0 reconnect error: bluetooth: connection to 38:D2:00:01:67:9D timed out (30s)
Sep 24 18:30:57 CarKit tncd[142431]: bridge: port 0 reconnect in 60.0s
Sep 24 18:31:27 CarKit tncd[142431]: bluetooth: calling ConnectProfile on /org/bluez/hci0/dev_34_81_F4_AA_B3_D3
Sep 24 18:31:27 CarKit tncd[142431]: bluetooth: calling ConnectProfile on /org/bluez/hci0/dev_38_D2_00_01_52_8F
Sep 24 18:31:27 CarKit tncd[142431]: bridge: port 2 reconnect error: bluetooth: ConnectProfile: Method "ConnectProfile" with signature "s" on interface "org.bluez.Device1" doesn't exist
Sep 24 18:31:27 CarKit tncd[142431]: bridge: port 2 reconnect in 60.0s
Sep 24 18:31:27 CarKit tncd[142431]: bridge: port 1 reconnect error: bluetooth: ConnectProfile: Method "ConnectProfile" with signature "s" on interface "org.bluez.Device1" doesn't exist
Sep 24 18:31:27 CarKit tncd[142431]: bridge: port 1 reconnect in 60.0s
Sep 24 18:31:57 CarKit tncd[142431]: bluetooth: calling ConnectProfile on /org/bluez/hci0/dev_38_D2_00_01_67_9D
Sep 24 18:32:27 CarKit tncd[142431]: bridge: port 0 reconnect error: bluetooth: connection to 38:D2:00:01:67:9D timed out (30s)
Sep 24 18:32:27 CarKit tncd[142431]: bridge: port 0 reconnect in 60.0s
Sep 24 18:32:27 CarKit tncd[142431]: bluetooth: calling ConnectProfile on /org/bluez/hci0/dev_38_D2_00_01_52_8F
Sep 24 18:32:27 CarKit tncd[142431]: bluetooth: calling ConnectProfile on /org/bluez/hci0/dev_34_81_F4_AA_B3_D3
Sep 24 18:32:27 CarKit tncd[142431]: bridge: port 1 reconnect error: bluetooth: ConnectProfile: Method "ConnectProfile" with signature "s" on interface "org.bluez.Device1" doesn't exist
Sep 24 18:32:27 CarKit tncd[142431]: bridge: port 1 reconnect in 60.0s
Sep 24 18:32:27 CarKit tncd[142431]: bridge: port 2 reconnect error: bluetooth: ConnectProfile: Method "ConnectProfile" with signature "s" on interface "org.bluez.Device1" doesn't exist
Sep 24 18:32:27 CarKit tncd[142431]: bridge: port 2 reconnect in 60.0s
Sep 24 18:33:27 CarKit tncd[142431]: bluetooth: calling ConnectProfile on /org/bluez/hci0/dev_34_81_F4_AA_B3_D3
Sep 24 18:33:27 CarKit tncd[142431]: bluetooth: calling ConnectProfile on /org/bluez/hci0/dev_38_D2_00_01_67_9D
Sep 24 18:33:27 CarKit tncd[142431]: bluetooth: calling ConnectProfile on /org/bluez/hci0/dev_38_D2_00_01_52_8F
Sep 24 18:33:27 CarKit tncd[142431]: bridge: port 1 reconnect error: bluetooth: ConnectProfile: Method "ConnectProfile" with signature "s" on interface "org.bluez.Device1" doesn't exist
Sep 24 18:33:27 CarKit tncd[142431]: bridge: port 1 reconnect in 60.0s
Sep 24 18:33:27 CarKit tncd[142431]: bridge: port 2 reconnect error: bluetooth: ConnectProfile: Method "ConnectProfile" with signature "s" on interface "org.bluez.Device1" doesn't exist
Sep 24 18:33:27 CarKit tncd[142431]: bridge: port 2 reconnect in 60.0s
Sep 24 18:33:42 CarKit tncd[142431]: bridge: closing idle AGWPE client
Sep 24 18:33:42 CarKit tncd[142431]: agwpe: read error from 127.0.0.1:60278: read tcp 127.0.0.1:8005->127.0.0.1:60278: use of closed network connection
Sep 24 18:33:42 CarKit tncd[142431]: agwpe: client disconnected from 127.0.0.1:60278
Sep 24 18:33:42 CarKit tncd[142431]: agwpe: client connected from 127.0.0.1:50856
Sep 24 18:33:42 CarKit tncd[142431]: agwpe: handle_frame: port=0 kind=0x67 from="" to="" len=0
Sep 24 18:33:42 CarKit tncd[142431]: agwpe: PORT CAPABILITIES request for port 0
Sep 24 18:33:42 CarKit tncd[142431]: agwpe: handle_frame: port=0 kind=0x58 from="KU0HN" to="" len=0
Sep 24 18:33:42 CarKit tncd[142431]: agwpe: REGISTER from="KU0HN"
Sep 24 18:33:42 CarKit tncd[142431]: agwpe: handle_frame: port=0 kind=0x52 from="" to="" len=0
Sep 24 18:33:42 CarKit tncd[142431]: agwpe: VERSION request
Sep 24 18:33:42 CarKit tncd[142431]: agwpe: handle_frame: port=0 kind=0x52 from="" to="" len=0
Sep 24 18:33:42 CarKit tncd[142431]: agwpe: VERSION request
Sep 24 18:33:57 CarKit tncd[142431]: bridge: port 0 reconnect error: bluetooth: connection to 38:D2:00:01:67:9D timed out (30s)
Sep 24 18:33:57 CarKit tncd[142431]: bridge: port 0 reconnect in 60.0s
Sep 24 18:34:27 CarKit tncd[142431]: bluetooth: calling ConnectProfile on /org/bluez/hci0/dev_38_D2_00_01_52_8F
Sep 24 18:34:27 CarKit tncd[142431]: bluetooth: calling ConnectProfile on /org/bluez/hci0/dev_34_81_F4_AA_B3_D3
Sep 24 18:34:27 CarKit tncd[142431]: bridge: port 2 reconnect error: bluetooth: ConnectProfile: Method "ConnectProfile" with signature "s" on interface "org.bluez.Device1" doesn't exist
Sep 24 18:34:27 CarKit tncd[142431]: bridge: port 2 reconnect in 60.0s
Sep 24 18:34:27 CarKit tncd[142431]: bridge: port 1 reconnect error: bluetooth: ConnectProfile: Method "ConnectProfile" with signature "s" on interface "org.bluez.Device1" doesn't exist
Sep 24 18:34:27 CarKit tncd[142431]: bridge: port 1 reconnect in 60.0s
Sep 24 18:34:57 CarKit tncd[142431]: bluetooth: calling ConnectProfile on /org/bluez/hci0/dev_38_D2_00_01_67_9D
Sep 24 18:35:27 CarKit tncd[142431]: bridge: port 0 reconnect error: bluetooth: connection to 38:D2:00:01:67:9D timed out (30s)
Sep 24 18:35:27 CarKit tncd[142431]: bridge: port 0 reconnect in 60.0s
Sep 24 18:35:27 CarKit tncd[142431]: bluetooth: calling ConnectProfile on /org/bluez/hci0/dev_34_81_F4_AA_B3_D3
Sep 24 18:35:27 CarKit tncd[142431]: bluetooth: calling ConnectProfile on /org/bluez/hci0/dev_38_D2_00_01_52_8F
Sep 24 18:35:27 CarKit tncd[142431]: bridge: port 1 reconnect error: bluetooth: ConnectProfile: Method "ConnectProfile" with signature "s" on interface "org.bluez.Device1" doesn't exist
Sep 24 18:35:27 CarKit tncd[142431]: bridge: port 1 reconnect in 60.0s
Sep 24 18:35:27 CarKit tncd[142431]: bridge: port 2 reconnect error: bluetooth: ConnectProfile: Method "ConnectProfile" with signature "s" on interface "org.bluez.Device1" doesn't exist
Sep 24 18:35:27 CarKit tncd[142431]: bridge: port 2 reconnect in 60.0s
Sep 24 18:36:27 CarKit tncd[142431]: bluetooth: calling ConnectProfile on /org/bluez/hci0/dev_34_81_F4_AA_B3_D3
Sep 24 18:36:27 CarKit tncd[142431]: bluetooth: calling ConnectProfile on /org/bluez/hci0/dev_38_D2_00_01_67_9D
Sep 24 18:36:27 CarKit tncd[142431]: bridge: port 1 reconnect error: bluetooth: ConnectProfile: Method "ConnectProfile" with signature "s" on interface "org.bluez.Device1" doesn't exist
Sep 24 18:36:27 CarKit tncd[142431]: bluetooth: calling ConnectProfile on /org/bluez/hci0/dev_38_D2_00_01_52_8F
Sep 24 18:36:27 CarKit tncd[142431]: bridge: port 1 reconnect in 60.0s
Sep 24 18:36:27 CarKit tncd[142431]: bridge: port 2 reconnect error: bluetooth: ConnectProfile: Method "ConnectProfile" with signature "s" on interface "org.bluez.Device1" doesn't exist
Sep 24 18:36:27 CarKit tncd[142431]: bridge: port 2 reconnect in 60.0s
Sep 24 18:36:57 CarKit tncd[142431]: bridge: port 0 reconnect error: bluetooth: connection to 38:D2:00:01:67:9D timed out (30s)
Sep 24 18:36:57 CarKit tncd[142431]: bridge: port 0 reconnect in 60.0s
Sep 24 18:37:27 CarKit tncd[142431]: bluetooth: calling ConnectProfile on /org/bluez/hci0/dev_34_81_F4_AA_B3_D3
Sep 24 18:37:27 CarKit tncd[142431]: bluetooth: calling ConnectProfile on /org/bluez/hci0/dev_38_D2_00_01_52_8F
Sep 24 18:37:27 CarKit tncd[142431]: bridge: port 1 reconnect error: bluetooth: ConnectProfile: Method "ConnectProfile" with signature "s" on interface "org.bluez.Device1" doesn't exist
Sep 24 18:37:27 CarKit tncd[142431]: bridge: port 1 reconnect in 60.0s
Sep 24 18:37:27 CarKit tncd[142431]: bridge: port 2 reconnect error: bluetooth: ConnectProfile: Method "ConnectProfile" with signature "s" on interface "org.bluez.Device1" doesn't exist
Sep 24 18:37:27 CarKit tncd[142431]: bridge: port 2 reconnect in 60.0s
Sep 24 18:37:57 CarKit tncd[142431]: bluetooth: calling ConnectProfile on /org/bluez/hci0/dev_38_D2_00_01_67_9D
Sep 24 18:38:27 CarKit tncd[142431]: bridge: port 0 reconnect error: bluetooth: connection to 38:D2:00:01:67:9D timed out (30s)
Sep 24 18:38:27 CarKit tncd[142431]: bridge: port 0 reconnect in 60.0s
Sep 24 18:38:27 CarKit tncd[142431]: bluetooth: calling ConnectProfile on /org/bluez/hci0/dev_34_81_F4_AA_B3_D3
Sep 24 18:38:27 CarKit tncd[142431]: bluetooth: calling ConnectProfile on /org/bluez/hci0/dev_38_D2_00_01_52_8F
Sep 24 18:38:27 CarKit tncd[142431]: bridge: port 2 reconnect error: bluetooth: ConnectProfile: Method "ConnectProfile" with signature "s" on interface "org.bluez.Device1" doesn't exist
Sep 24 18:38:27 CarKit tncd[142431]: bridge: port 1 reconnect error: bluetooth: ConnectProfile: Method "ConnectProfile" with signature "s" on interface "org.bluez.Device1" doesn't exist
Sep 24 18:38:27 CarKit tncd[142431]: bridge: port 2 reconnect in 60.0s
Sep 24 18:38:27 CarKit tncd[142431]: bridge: port 1 reconnect in 60.0s
Sep 24 18:38:42 CarKit tncd[142431]: bridge: closing idle AGWPE client
Sep 24 18:38:42 CarKit tncd[142431]: agwpe: read error from 127.0.0.1:50856: read tcp 127.0.0.1:8005->127.0.0.1:50856: use of closed network connection
Sep 24 18:38:42 CarKit tncd[142431]: agwpe: client disconnected from 127.0.0.1:50856
Sep 24 18:38:42 CarKit tncd[142431]: agwpe: client connected from 127.0.0.1:53716
Sep 24 18:38:42 CarKit tncd[142431]: agwpe: handle_frame: port=0 kind=0x67 from="" to="" len=0
Sep 24 18:38:42 CarKit tncd[142431]: agwpe: PORT CAPABILITIES request for port 0
Sep 24 18:38:42 CarKit tncd[142431]: agwpe: handle_frame: port=0 kind=0x58 from="KU0HN" to="" len=0
Sep 24 18:38:42 CarKit tncd[142431]: agwpe: REGISTER from="KU0HN"
Sep 24 18:38:42 CarKit tncd[142431]: agwpe: handle_frame: port=0 kind=0x52 from="" to="" len=0
Sep 24 18:38:42 CarKit tncd[142431]: agwpe: VERSION request
Sep 24 18:38:42 CarKit tncd[142431]: agwpe: handle_frame: port=0 kind=0x52 from="" to="" len=0
Sep 24 18:38:42 CarKit tncd[142431]: agwpe: VERSION request
Sep 24 18:39:27 CarKit tncd[142431]: bluetooth: calling ConnectProfile on /org/bluez/hci0/dev_34_81_F4_AA_B3_D3
Sep 24 18:39:27 CarKit tncd[142431]: bluetooth: calling ConnectProfile on /org/bluez/hci0/dev_38_D2_00_01_52_8F
Sep 24 18:39:27 CarKit tncd[142431]: bluetooth: calling ConnectProfile on /org/bluez/hci0/dev_38_D2_00_01_67_9D
Sep 24 18:39:27 CarKit tncd[142431]: bridge: port 1 reconnect error: bluetooth: ConnectProfile: Method "ConnectProfile" with signature "s" on interface "org.bluez.Device1" doesn't exist
Sep 24 18:39:27 CarKit tncd[142431]: bridge: port 2 reconnect error: bluetooth: ConnectProfile: Method "ConnectProfile" with signature "s" on interface "org.bluez.Device1" doesn't exist
Sep 24 18:39:27 CarKit tncd[142431]: bridge: port 1 reconnect in 60.0s
Sep 24 18:39:27 CarKit tncd[142431]: bridge: port 2 reconnect in 60.0s
Sep 24 18:39:57 CarKit tncd[142431]: bridge: port 0 reconnect error: bluetooth: connection to 38:D2:00:01:67:9D timed out (30s)
Sep 24 18:39:57 CarKit tncd[142431]: bridge: port 0 reconnect in 60.0s
Sep 24 18:40:27 CarKit tncd[142431]: bluetooth: calling ConnectProfile on /org/bluez/hci0/dev_38_D2_00_01_52_8F
Sep 24 18:40:27 CarKit tncd[142431]: bluetooth: calling ConnectProfile on /org/bluez/hci0/dev_34_81_F4_AA_B3_D3
Sep 24 18:40:27 CarKit tncd[142431]: bridge: port 2 reconnect error: bluetooth: ConnectProfile: Method "ConnectProfile" with signature "s" on interface "org.bluez.Device1" doesn't exist
Sep 24 18:40:27 CarKit tncd[142431]: bridge: port 2 reconnect in 60.0s
Sep 24 18:40:27 CarKit tncd[142431]: bridge: port 1 reconnect error: bluetooth: ConnectProfile: Method "ConnectProfile" with signature "s" on interface "org.bluez.Device1" doesn't exist
Sep 24 18:40:27 CarKit tncd[142431]: bridge: port 1 reconnect in 60.0s
Sep 24 18:40:57 CarKit tncd[142431]: bluetooth: calling ConnectProfile on /org/bluez/hci0/dev_38_D2_00_01_67_9D
Sep 24 18:41:27 CarKit tncd[142431]: bridge: port 0 reconnect error: bluetooth: connection to 38:D2:00:01:67:9D timed out (30s)
Sep 24 18:41:27 CarKit tncd[142431]: bridge: port 0 reconnect in 60.0s
Sep 24 18:41:27 CarKit tncd[142431]: bluetooth: calling ConnectProfile on /org/bluez/hci0/dev_38_D2_00_01_52_8F
Sep 24 18:41:27 CarKit tncd[142431]: bluetooth: calling ConnectProfile on /org/bluez/hci0/dev_34_81_F4_AA_B3_D3
Sep 24 18:41:27 CarKit tncd[142431]: bridge: port 2 reconnect error: bluetooth: ConnectProfile: Method "ConnectProfile" with signature "s" on interface "org.bluez.Device1" doesn't exist
Sep 24 18:41:27 CarKit tncd[142431]: bridge: port 2 reconnect in 60.0s
Sep 24 18:41:27 CarKit tncd[142431]: bridge: port 1 reconnect error: bluetooth: ConnectProfile: Method "ConnectProfile" with signature "s" on interface "org.bluez.Device1" doesn't exist
Sep 24 18:41:27 CarKit tncd[142431]: bridge: port 1 reconnect in 60.0s
Sep 24 18:42:27 CarKit tncd[142431]: bluetooth: calling ConnectProfile on /org/bluez/hci0/dev_38_D2_00_01_67_9D
Sep 24 18:42:27 CarKit tncd[142431]: bluetooth: calling ConnectProfile on /org/bluez/hci0/dev_34_81_F4_AA_B3_D3
Sep 24 18:42:27 CarKit tncd[142431]: bluetooth: calling ConnectProfile on /org/bluez/hci0/dev_38_D2_00_01_52_8F
Sep 24 18:42:27 CarKit tncd[142431]: bridge: port 1 reconnect error: bluetooth: ConnectProfile: Method "ConnectProfile" with signature "s" on interface "org.bluez.Device1" doesn't exist
Sep 24 18:42:27 CarKit tncd[142431]: bridge: port 1 reconnect in 60.0s
Sep 24 18:42:27 CarKit tncd[142431]: bridge: port 2 reconnect error: bluetooth: ConnectProfile: Method "ConnectProfile" with signature "s" on interface "org.bluez.Device1" doesn't exist
Sep 24 18:42:27 CarKit tncd[142431]: bridge: port 2 reconnect in 60.0s
Sep 24 18:42:57 CarKit tncd[142431]: bridge: port 0 reconnect error: bluetooth: connection to 38:D2:00:01:67:9D timed out (30s)
Sep 24 18:42:57 CarKit tncd[142431]: bridge: port 0 reconnect in 60.0s
Sep 24 18:43:27 CarKit tncd[142431]: bluetooth: calling ConnectProfile on /org/bluez/hci0/dev_38_D2_00_01_52_8F
Sep 24 18:43:27 CarKit tncd[142431]: bluetooth: calling ConnectProfile on /org/bluez/hci0/dev_34_81_F4_AA_B3_D3
Sep 24 18:43:27 CarKit tncd[142431]: bridge: port 2 reconnect error: bluetooth: ConnectProfile: Method "ConnectProfile" with signature "s" on interface "org.bluez.Device1" doesn't exist
Sep 24 18:43:27 CarKit tncd[142431]: bridge: port 2 reconnect in 60.0s
Sep 24 18:43:27 CarKit tncd[142431]: bridge: port 1 reconnect error: bluetooth: ConnectProfile: Method "ConnectProfile" with signature "s" on interface "org.bluez.Device1" doesn't exist
Sep 24 18:43:27 CarKit tncd[142431]: bridge: port 1 reconnect in 60.0s
Sep 24 18:43:42 CarKit tncd[142431]: bridge: closing idle AGWPE client
Sep 24 18:43:42 CarKit tncd[142431]: agwpe: read error from 127.0.0.1:53716: read tcp 127.0.0.1:8005->127.0.0.1:53716: use of closed network connection
Sep 24 18:43:42 CarKit tncd[142431]: agwpe: client disconnected from 127.0.0.1:53716
Sep 24 18:43:42 CarKit tncd[142431]: agwpe: client connected from 127.0.0.1:54808
Sep 24 18:43:42 CarKit tncd[142431]: agwpe: handle_frame: port=0 kind=0x67 from="" to="" len=0
Sep 24 18:43:42 CarKit tncd[142431]: agwpe: PORT CAPABILITIES request for port 0
Sep 24 18:43:42 CarKit tncd[142431]: agwpe: handle_frame: port=0 kind=0x58 from="KU0HN" to="" len=0
Sep 24 18:43:42 CarKit tncd[142431]: agwpe: REGISTER from="KU0HN"
Sep 24 18:43:42 CarKit tncd[142431]: agwpe: handle_frame: port=0 kind=0x52 from="" to="" len=0
Sep 24 18:43:42 CarKit tncd[142431]: agwpe: VERSION request
Sep 24 18:43:42 CarKit tncd[142431]: agwpe: handle_frame: port=0 kind=0x52 from="" to="" len=0
Sep 24 18:43:42 CarKit tncd[142431]: agwpe: VERSION request
Sep 24 18:43:57 CarKit tncd[142431]: bluetooth: calling ConnectProfile on /org/bluez/hci0/dev_38_D2_00_01_67_9D
Sep 24 18:44:27 CarKit tncd[142431]: bridge: port 0 reconnect error: bluetooth: connection to 38:D2:00:01:67:9D timed out (30s)
Sep 24 18:44:27 CarKit tncd[142431]: bridge: port 0 reconnect in 60.0s
Sep 24 18:44:27 CarKit tncd[142431]: bluetooth: calling ConnectProfile on /org/bluez/hci0/dev_34_81_F4_AA_B3_D3
Sep 24 18:44:27 CarKit tncd[142431]: bluetooth: calling ConnectProfile on /org/bluez/hci0/dev_38_D2_00_01_52_8F
Sep 24 18:44:27 CarKit tncd[142431]: bridge: port 1 reconnect error: bluetooth: ConnectProfile: Method "ConnectProfile" with signature "s" on interface "org.bluez.Device1" doesn't exist
Sep 24 18:44:27 CarKit tncd[142431]: bridge: port 1 reconnect in 60.0s
Sep 24 18:44:27 CarKit tncd[142431]: bridge: port 2 reconnect error: bluetooth: ConnectProfile: Method "ConnectProfile" with signature "s" on interface "org.bluez.Device1" doesn't exist
Sep 24 18:44:27 CarKit tncd[142431]: bridge: port 2 reconnect in 60.0s
Sep 24 18:45:27 CarKit tncd[142431]: bluetooth: calling ConnectProfile on /org/bluez/hci0/dev_38_D2_00_01_67_9D
Sep 24 18:45:27 CarKit tncd[142431]: bluetooth: calling ConnectProfile on /org/bluez/hci0/dev_34_81_F4_AA_B3_D3
Sep 24 18:45:27 CarKit tncd[142431]: bridge: port 1 reconnect error: bluetooth: ConnectProfile: Method "ConnectProfile" with signature "s" on interface "org.bluez.Device1" doesn't exist
Sep 24 18:45:27 CarKit tncd[142431]: bridge: port 1 reconnect in 60.0s
Sep 24 18:45:27 CarKit tncd[142431]: bluetooth: calling ConnectProfile on /org/bluez/hci0/dev_38_D2_00_01_52_8F
Sep 24 18:45:27 CarKit tncd[142431]: bridge: port 2 reconnect error: bluetooth: ConnectProfile: Method "ConnectProfile" with signature "s" on interface "org.bluez.Device1" doesn't exist
Sep 24 18:45:27 CarKit tncd[142431]: bridge: port 2 reconnect in 60.0s
Sep 24 18:45:57 CarKit tncd[142431]: bridge: port 0 reconnect error: bluetooth: connection to 38:D2:00:01:67:9D timed out (30s)
Sep 24 18:45:57 CarKit tncd[142431]: bridge: port 0 reconnect in 60.0s
Sep 24 18:46:27 CarKit tncd[142431]: bluetooth: calling ConnectProfile on /org/bluez/hci0/dev_38_D2_00_01_52_8F
Sep 24 18:46:27 CarKit tncd[142431]: bluetooth: calling ConnectProfile on /org/bluez/hci0/dev_34_81_F4_AA_B3_D3
Sep 24 18:46:27 CarKit tncd[142431]: bridge: port 2 reconnect error: bluetooth: ConnectProfile: Method "ConnectProfile" with signature "s" on interface "org.bluez.Device1" doesn't exist
Sep 24 18:46:27 CarKit tncd[142431]: bridge: port 1 reconnect error: bluetooth: ConnectProfile: Method "ConnectProfile" with signature "s" on interface "org.bluez.Device1" doesn't exist
Sep 24 18:46:27 CarKit tncd[142431]: bridge: port 2 reconnect in 60.0s
Sep 24 18:46:27 CarKit tncd[142431]: bridge: port 1 reconnect in 60.0s
Sep 24 18:46:57 CarKit tncd[142431]: bluetooth: calling ConnectProfile on /org/bluez/hci0/dev_38_D2_00_01_67_9D
Sep 24 18:47:27 CarKit tncd[142431]: bridge: port 0 reconnect error: bluetooth: connection to 38:D2:00:01:67:9D timed out (30s)
Sep 24 18:47:27 CarKit tncd[142431]: bridge: port 0 reconnect in 60.0s
Sep 24 18:47:27 CarKit tncd[142431]: bluetooth: calling ConnectProfile on /org/bluez/hci0/dev_34_81_F4_AA_B3_D3
Sep 24 18:47:27 CarKit tncd[142431]: bluetooth: calling ConnectProfile on /org/bluez/hci0/dev_38_D2_00_01_52_8F
Sep 24 18:47:27 CarKit tncd[142431]: bridge: port 1 reconnect error: bluetooth: ConnectProfile: Method "ConnectProfile" with signature "s" on interface "org.bluez.Device1" doesn't exist
Sep 24 18:47:27 CarKit tncd[142431]: bridge: port 1 reconnect in 60.0s
Sep 24 18:47:27 CarKit tncd[142431]: bridge: port 2 reconnect error: bluetooth: ConnectProfile: Method "ConnectProfile" with signature "s" on interface "org.bluez.Device1" doesn't exist
Sep 24 18:47:27 CarKit tncd[142431]: bridge: port 2 reconnect in 60.0s
Sep 24 18:48:27 CarKit tncd[142431]: bluetooth: calling ConnectProfile on /org/bluez/hci0/dev_38_D2_00_01_67_9D
Sep 24 18:48:27 CarKit tncd[142431]: bluetooth: calling ConnectProfile on /org/bluez/hci0/dev_34_81_F4_AA_B3_D3
Sep 24 18:48:27 CarKit tncd[142431]: bluetooth: calling ConnectProfile on /org/bluez/hci0/dev_38_D2_00_01_52_8F
Sep 24 18:48:27 CarKit tncd[142431]: bridge: port 1 reconnect error: bluetooth: ConnectProfile: Method "ConnectProfile" with signature "s" on interface "org.bluez.Device1" doesn't exist
Sep 24 18:48:27 CarKit tncd[142431]: bridge: port 1 reconnect in 60.0s
Sep 24 18:48:27 CarKit tncd[142431]: bridge: port 2 reconnect error: bluetooth: ConnectProfile: Method "ConnectProfile" with signature "s" on interface "org.bluez.Device1" doesn't exist
Sep 24 18:48:27 CarKit tncd[142431]: bridge: port 2 reconnect in 60.0s
Sep 24 18:48:42 CarKit tncd[142431]: bridge: closing idle AGWPE client
Sep 24 18:48:42 CarKit tncd[142431]: agwpe: read error from 127.0.0.1:54808: read tcp 127.0.0.1:8005->127.0.0.1:54808: use of closed network connection
Sep 24 18:48:42 CarKit tncd[142431]: agwpe: client disconnected from 127.0.0.1:54808
Sep 24 18:48:42 CarKit tncd[142431]: agwpe: client connected from 127.0.0.1:33686
Sep 24 18:48:42 CarKit tncd[142431]: agwpe: handle_frame: port=0 kind=0x67 from="" to="" len=0
Sep 24 18:48:42 CarKit tncd[142431]: agwpe: PORT CAPABILITIES request for port 0
Sep 24 18:48:42 CarKit tncd[142431]: agwpe: handle_frame: port=0 kind=0x58 from="KU0HN" to="" len=0
Sep 24 18:48:42 CarKit tncd[142431]: agwpe: REGISTER from="KU0HN"
Sep 24 18:48:42 CarKit tncd[142431]: agwpe: handle_frame: port=0 kind=0x52 from="" to="" len=0
Sep 24 18:48:42 CarKit tncd[142431]: agwpe: VERSION request
Sep 24 18:48:42 CarKit tncd[142431]: agwpe: handle_frame: port=0 kind=0x52 from="" to="" len=0
Sep 24 18:48:42 CarKit tncd[142431]: agwpe: VERSION request
Sep 24 18:48:57 CarKit tncd[142431]: bridge: port 0 reconnect error: bluetooth: connection to 38:D2:00:01:67:9D timed out (30s)
Sep 24 18:48:57 CarKit tncd[142431]: bridge: port 0 reconnect in 60.0s
Sep 24 18:49:27 CarKit tncd[142431]: bluetooth: calling ConnectProfile on /org/bluez/hci0/dev_34_81_F4_AA_B3_D3
Sep 24 18:49:27 CarKit tncd[142431]: bluetooth: calling ConnectProfile on /org/bluez/hci0/dev_38_D2_00_01_52_8F
Sep 24 18:49:27 CarKit tncd[142431]: bridge: port 2 reconnect error: bluetooth: ConnectProfile: Method "ConnectProfile" with signature "s" on interface "org.bluez.Device1" doesn't exist
Sep 24 18:49:27 CarKit tncd[142431]: bridge: port 2 reconnect in 60.0s
Sep 24 18:49:27 CarKit tncd[142431]: bridge: port 1 reconnect error: bluetooth: ConnectProfile: Method "ConnectProfile" with signature "s" on interface "org.bluez.Device1" doesn't exist
Sep 24 18:49:27 CarKit tncd[142431]: bridge: port 1 reconnect in 60.0s
Sep 24 18:49:57 CarKit tncd[142431]: bluetooth: calling ConnectProfile on /org/bluez/hci0/dev_38_D2_00_01_67_9D
Sep 24 18:50:27 CarKit tncd[142431]: bridge: port 0 reconnect error: bluetooth: connection to 38:D2:00:01:67:9D timed out (30s)
Sep 24 18:50:27 CarKit tncd[142431]: bridge: port 0 reconnect in 60.0s
Sep 24 18:50:27 CarKit tncd[142431]: bluetooth: calling ConnectProfile on /org/bluez/hci0/dev_34_81_F4_AA_B3_D3
Sep 24 18:50:27 CarKit tncd[142431]: bluetooth: calling ConnectProfile on /org/bluez/hci0/dev_38_D2_00_01_52_8F
Sep 24 18:50:27 CarKit tncd[142431]: bridge: port 1 reconnect error: bluetooth: ConnectProfile: Method "ConnectProfile" with signature "s" on interface "org.bluez.Device1" doesn't exist
Sep 24 18:50:27 CarKit tncd[142431]: bridge: port 1 reconnect in 60.0s
Sep 24 18:50:27 CarKit tncd[142431]: bridge: port 2 reconnect error: bluetooth: ConnectProfile: Method "ConnectProfile" with signature "s" on interface "org.bluez.Device1" doesn't exist
Sep 24 18:50:27 CarKit tncd[142431]: bridge: port 2 reconnect in 60.0s
Sep 24 18:51:27 CarKit tncd[142431]: bluetooth: calling ConnectProfile on /org/bluez/hci0/dev_38_D2_00_01_67_9D
Sep 24 18:51:27 CarKit tncd[142431]: bluetooth: calling ConnectProfile on /org/bluez/hci0/dev_38_D2_00_01_52_8F
Sep 24 18:51:27 CarKit tncd[142431]: bridge: port 2 reconnect error: bluetooth: ConnectProfile: Method "ConnectProfile" with signature "s" on interface "org.bluez.Device1" doesn't exist
Sep 24 18:51:27 CarKit tncd[142431]: bridge: port 2 reconnect in 60.0s
Sep 24 18:51:27 CarKit tncd[142431]: bluetooth: calling ConnectProfile on /org/bluez/hci0/dev_34_81_F4_AA_B3_D3
Sep 24 18:51:27 CarKit tncd[142431]: bridge: port 1 reconnect error: bluetooth: ConnectProfile: Method "ConnectProfile" with signature "s" on interface "org.bluez.Device1" doesn't exist
Sep 24 18:51:27 CarKit tncd[142431]: bridge: port 1 reconnect in 60.0s
Sep 24 18:51:57 CarKit tncd[142431]: bridge: port 0 reconnect error: bluetooth: connection to 38:D2:00:01:67:9D timed out (30s)
Sep 24 18:51:57 CarKit tncd[142431]: bridge: port 0 reconnect in 60.0s
Sep 24 18:52:27 CarKit tncd[142431]: bluetooth: calling ConnectProfile on /org/bluez/hci0/dev_38_D2_00_01_52_8F
Sep 24 18:52:27 CarKit tncd[142431]: bluetooth: calling ConnectProfile on /org/bluez/hci0/dev_34_81_F4_AA_B3_D3
Sep 24 18:52:27 CarKit tncd[142431]: bridge: port 2 reconnect error: bluetooth: ConnectProfile: Method "ConnectProfile" with signature "s" on interface "org.bluez.Device1" doesn't exist
Sep 24 18:52:27 CarKit tncd[142431]: bridge: port 2 reconnect in 60.0s
Sep 24 18:52:27 CarKit tncd[142431]: bridge: port 1 reconnect error: bluetooth: ConnectProfile: Method "ConnectProfile" with signature "s" on interface "org.bluez.Device1" doesn't exist
Sep 24 18:52:27 CarKit tncd[142431]: bridge: port 1 reconnect in 60.0s
Sep 24 18:52:57 CarKit tncd[142431]: bluetooth: calling ConnectProfile on /org/bluez/hci0/dev_38_D2_00_01_67_9D
Sep 24 18:53:27 CarKit tncd[142431]: bridge: port 0 reconnect error: bluetooth: connection to 38:D2:00:01:67:9D timed out (30s)
Sep 24 18:53:27 CarKit tncd[142431]: bridge: port 0 reconnect in 60.0s
Sep 24 18:53:27 CarKit tncd[142431]: bluetooth: calling ConnectProfile on /org/bluez/hci0/dev_34_81_F4_AA_B3_D3
Sep 24 18:53:27 CarKit tncd[142431]: bluetooth: calling ConnectProfile on /org/bluez/hci0/dev_38_D2_00_01_52_8F
Sep 24 18:53:27 CarKit tncd[142431]: bridge: port 1 reconnect error: bluetooth: ConnectProfile: Method "ConnectProfile" with signature "s" on interface "org.bluez.Device1" doesn't exist
Sep 24 18:53:27 CarKit tncd[142431]: bridge: port 1 reconnect in 60.0s
Sep 24 18:53:27 CarKit tncd[142431]: bridge: port 2 reconnect error: bluetooth: ConnectProfile: Method "ConnectProfile" with signature "s" on interface "org.bluez.Device1" doesn't exist
Sep 24 18:53:27 CarKit tncd[142431]: bridge: port 2 reconnect in 60.0s
Sep 24 18:53:42 CarKit tncd[142431]: bridge: closing idle AGWPE client
Sep 24 18:53:42 CarKit tncd[142431]: agwpe: read error from 127.0.0.1:33686: read tcp 127.0.0.1:8005->127.0.0.1:33686: use of closed network connection
Sep 24 18:53:42 CarKit tncd[142431]: agwpe: client disconnected from 127.0.0.1:33686
Sep 24 18:53:42 CarKit tncd[142431]: agwpe: client connected from 127.0.0.1:45820
Sep 24 18:53:42 CarKit tncd[142431]: agwpe: handle_frame: port=0 kind=0x67 from="" to="" len=0
Sep 24 18:53:42 CarKit tncd[142431]: agwpe: PORT CAPABILITIES request for port 0
Sep 24 18:53:42 CarKit tncd[142431]: agwpe: handle_frame: port=0 kind=0x58 from="KU0HN" to="" len=0
Sep 24 18:53:42 CarKit tncd[142431]: agwpe: REGISTER from="KU0HN"
Sep 24 18:53:42 CarKit tncd[142431]: agwpe: handle_frame: port=0 kind=0x52 from="" to="" len=0
Sep 24 18:53:42 CarKit tncd[142431]: agwpe: VERSION request
Sep 24 18:53:42 CarKit tncd[142431]: agwpe: handle_frame: port=0 kind=0x52 from="" to="" len=0
Sep 24 18:53:42 CarKit tncd[142431]: agwpe: VERSION request
Sep 24 18:54:27 CarKit tncd[142431]: bluetooth: calling ConnectProfile on /org/bluez/hci0/dev_38_D2_00_01_67_9D
Sep 24 18:54:27 CarKit tncd[142431]: bluetooth: calling ConnectProfile on /org/bluez/hci0/dev_34_81_F4_AA_B3_D3
Sep 24 18:54:27 CarKit tncd[142431]: bluetooth: calling ConnectProfile on /org/bluez/hci0/dev_38_D2_00_01_52_8F
Sep 24 18:54:27 CarKit tncd[142431]: bridge: port 2 reconnect error: bluetooth: ConnectProfile: Method "ConnectProfile" with signature "s" on interface "org.bluez.Device1" doesn't exist
Sep 24 18:54:27 CarKit tncd[142431]: bridge: port 2 reconnect in 60.0s
Sep 24 18:54:27 CarKit tncd[142431]: bridge: port 1 reconnect error: bluetooth: ConnectProfile: Method "ConnectProfile" with signature "s" on interface "org.bluez.Device1" doesn't exist
Sep 24 18:54:27 CarKit tncd[142431]: bridge: port 1 reconnect in 60.0s
Sep 24 18:54:57 CarKit tncd[142431]: bridge: port 0 reconnect error: bluetooth: connection to 38:D2:00:01:67:9D timed out (30s)
Sep 24 18:54:57 CarKit tncd[142431]: bridge: port 0 reconnect in 60.0s
Sep 24 18:55:27 CarKit tncd[142431]: bluetooth: calling ConnectProfile on /org/bluez/hci0/dev_34_81_F4_AA_B3_D3
Sep 24 18:55:27 CarKit tncd[142431]: bluetooth: calling ConnectProfile on /org/bluez/hci0/dev_38_D2_00_01_52_8F
Sep 24 18:55:27 CarKit tncd[142431]: bridge: port 2 reconnect error: bluetooth: ConnectProfile: Method "ConnectProfile" with signature "s" on interface "org.bluez.Device1" doesn't exist
Sep 24 18:55:27 CarKit tncd[142431]: bridge: port 2 reconnect in 60.0s
Sep 24 18:55:27 CarKit tncd[142431]: bridge: port 1 reconnect error: bluetooth: ConnectProfile: Method "ConnectProfile" with signature "s" on interface "org.bluez.Device1" doesn't exist
Sep 24 18:55:27 CarKit tncd[142431]: bridge: port 1 reconnect in 60.0s
Sep 24 18:55:57 CarKit tncd[142431]: bluetooth: calling ConnectProfile on /org/bluez/hci0/dev_38_D2_00_01_67_9D
Sep 24 18:56:27 CarKit tncd[142431]: bridge: port 0 reconnect error: bluetooth: connection to 38:D2:00:01:67:9D timed out (30s)
Sep 24 18:56:27 CarKit tncd[142431]: bridge: port 0 reconnect in 60.0s
Sep 24 18:56:27 CarKit tncd[142431]: bluetooth: calling ConnectProfile on /org/bluez/hci0/dev_38_D2_00_01_52_8F
Sep 24 18:56:27 CarKit tncd[142431]: bluetooth: calling ConnectProfile on /org/bluez/hci0/dev_34_81_F4_AA_B3_D3
Sep 24 18:56:27 CarKit tncd[142431]: bridge: port 2 reconnect error: bluetooth: ConnectProfile: Method "ConnectProfile" with signature "s" on interface "org.bluez.Device1" doesn't exist
Sep 24 18:56:27 CarKit tncd[142431]: bridge: port 1 reconnect error: bluetooth: ConnectProfile: Method "ConnectProfile" with signature "s" on interface "org.bluez.Device1" doesn't exist
Sep 24 18:56:27 CarKit tncd[142431]: bridge: port 2 reconnect in 60.0s
Sep 24 18:56:27 CarKit tncd[142431]: bridge: port 1 reconnect in 60.0s
Sep 24 18:57:27 CarKit tncd[142431]: bluetooth: calling ConnectProfile on /org/bluez/hci0/dev_38_D2_00_01_67_9D
Sep 24 18:57:27 CarKit tncd[142431]: bluetooth: calling ConnectProfile on /org/bluez/hci0/dev_34_81_F4_AA_B3_D3
Sep 24 18:57:27 CarKit tncd[142431]: bluetooth: calling ConnectProfile on /org/bluez/hci0/dev_38_D2_00_01_52_8F
Sep 24 18:57:27 CarKit tncd[142431]: bridge: port 1 reconnect error: bluetooth: ConnectProfile: Method "ConnectProfile" with signature "s" on interface "org.bluez.Device1" doesn't exist
Sep 24 18:57:27 CarKit tncd[142431]: bridge: port 1 reconnect in 60.0s
Sep 24 18:57:27 CarKit tncd[142431]: bridge: port 2 reconnect error: bluetooth: ConnectProfile: Method "ConnectProfile" with signature "s" on interface "org.bluez.Device1" doesn't exist
Sep 24 18:57:27 CarKit tncd[142431]: bridge: port 2 reconnect in 60.0s
Sep 24 18:57:57 CarKit tncd[142431]: bridge: port 0 reconnect error: bluetooth: connection to 38:D2:00:01:67:9D timed out (30s)
Sep 24 18:57:57 CarKit tncd[142431]: bridge: port 0 reconnect in 60.0s
Sep 24 18:58:27 CarKit tncd[142431]: bluetooth: calling ConnectProfile on /org/bluez/hci0/dev_34_81_F4_AA_B3_D3
Sep 24 18:58:27 CarKit tncd[142431]: bluetooth: calling ConnectProfile on /org/bluez/hci0/dev_38_D2_00_01_52_8F
Sep 24 18:58:27 CarKit tncd[142431]: bridge: port 1 reconnect error: bluetooth: ConnectProfile: Method "ConnectProfile" with signature "s" on interface "org.bluez.Device1" doesn't exist
Sep 24 18:58:27 CarKit tncd[142431]: bridge: port 2 reconnect error: bluetooth: ConnectProfile: Method "ConnectProfile" with signature "s" on interface "org.bluez.Device1" doesn't exist
Sep 24 18:58:27 CarKit tncd[142431]: bridge: port 1 reconnect in 60.0s
Sep 24 18:58:27 CarKit tncd[142431]: bridge: port 2 reconnect in 60.0s
Sep 24 18:58:42 CarKit tncd[142431]: bridge: closing idle AGWPE client
Sep 24 18:58:42 CarKit tncd[142431]: agwpe: read error from 127.0.0.1:45820: read tcp 127.0.0.1:8005->127.0.0.1:45820: use of closed network connection
Sep 24 18:58:42 CarKit tncd[142431]: agwpe: client disconnected from 127.0.0.1:45820
Sep 24 18:58:42 CarKit tncd[142431]: agwpe: client connected from 127.0.0.1:36554
Sep 24 18:58:42 CarKit tncd[142431]: agwpe: handle_frame: port=0 kind=0x67 from="" to="" len=0
Sep 24 18:58:42 CarKit tncd[142431]: agwpe: PORT CAPABILITIES request for port 0
Sep 24 18:58:42 CarKit tncd[142431]: agwpe: handle_frame: port=0 kind=0x58 from="KU0HN" to="" len=0
Sep 24 18:58:42 CarKit tncd[142431]: agwpe: REGISTER from="KU0HN"
Sep 24 18:58:42 CarKit tncd[142431]: agwpe: handle_frame: port=0 kind=0x52 from="" to="" len=0
Sep 24 18:58:42 CarKit tncd[142431]: agwpe: VERSION request
Sep 24 18:58:42 CarKit tncd[142431]: agwpe: handle_frame: port=0 kind=0x52 from="" to="" len=0
Sep 24 18:58:42 CarKit tncd[142431]: agwpe: VERSION request
Sep 24 18:58:57 CarKit tncd[142431]: bluetooth: calling ConnectProfile on /org/bluez/hci0/dev_38_D2_00_01_67_9D
Sep 24 18:59:27 CarKit tncd[142431]: bridge: port 0 reconnect error: bluetooth: connection to 38:D2:00:01:67:9D timed out (30s)
Sep 24 18:59:27 CarKit tncd[142431]: bridge: port 0 reconnect in 60.0s
Sep 24 18:59:27 CarKit tncd[142431]: bluetooth: calling ConnectProfile on /org/bluez/hci0/dev_38_D2_00_01_52_8F
Sep 24 18:59:27 CarKit tncd[142431]: bluetooth: calling ConnectProfile on /org/bluez/hci0/dev_34_81_F4_AA_B3_D3
Sep 24 18:59:27 CarKit tncd[142431]: bridge: port 1 reconnect error: bluetooth: ConnectProfile: Method "ConnectProfile" with signature "s" on interface "org.bluez.Device1" doesn't exist
Sep 24 18:59:27 CarKit tncd[142431]: bridge: port 2 reconnect error: bluetooth: ConnectProfile: Method "ConnectProfile" with signature "s" on interface "org.bluez.Device1" doesn't exist
Sep 24 18:59:27 CarKit tncd[142431]: bridge: port 1 reconnect in 60.0s
Sep 24 18:59:27 CarKit tncd[142431]: bridge: port 2 reconnect in 60.0s
Sep 24 19:00:27 CarKit tncd[142431]: bluetooth: calling ConnectProfile on /org/bluez/hci0/dev_38_D2_00_01_67_9D
Sep 24 19:00:27 CarKit tncd[142431]: bluetooth: calling ConnectProfile on /org/bluez/hci0/dev_34_81_F4_AA_B3_D3
Sep 24 19:00:27 CarKit tncd[142431]: bluetooth: calling ConnectProfile on /org/bluez/hci0/dev_38_D2_00_01_52_8F
Sep 24 19:00:27 CarKit tncd[142431]: bridge: port 1 reconnect error: bluetooth: ConnectProfile: Method "ConnectProfile" with signature "s" on interface "org.bluez.Device1" doesn't exist
Sep 24 19:00:27 CarKit tncd[142431]: bridge: port 1 reconnect in 60.0s
Sep 24 19:00:27 CarKit tncd[142431]: bridge: port 2 reconnect error: bluetooth: ConnectProfile: Method "ConnectProfile" with signature "s" on interface "org.bluez.Device1" doesn't exist
Sep 24 19:00:27 CarKit tncd[142431]: bridge: port 2 reconnect in 60.0s
Sep 24 19:00:57 CarKit tncd[142431]: bridge: port 0 reconnect error: bluetooth: connection to 38:D2:00:01:67:9D timed out (30s)
Sep 24 19:00:57 CarKit tncd[142431]: bridge: port 0 reconnect in 60.0s
Sep 24 19:01:27 CarKit tncd[142431]: bluetooth: calling ConnectProfile on /org/bluez/hci0/dev_34_81_F4_AA_B3_D3
Sep 24 19:01:27 CarKit tncd[142431]: bluetooth: calling ConnectProfile on /org/bluez/hci0/dev_38_D2_00_01_52_8F
Sep 24 19:01:27 CarKit tncd[142431]: bridge: port 2 reconnect error: bluetooth: ConnectProfile: Method "ConnectProfile" with signature "s" on interface "org.bluez.Device1" doesn't exist
Sep 24 19:01:27 CarKit tncd[142431]: bridge: port 2 reconnect in 60.0s
Sep 24 19:01:27 CarKit tncd[142431]: bridge: port 1 reconnect error: bluetooth: ConnectProfile: Method "ConnectProfile" with signature "s" on interface "org.bluez.Device1" doesn't exist
Sep 24 19:01:27 CarKit tncd[142431]: bridge: port 1 reconnect in 60.0s
Sep 24 19:01:57 CarKit tncd[142431]: bluetooth: calling ConnectProfile on /org/bluez/hci0/dev_38_D2_00_01_67_9D
Sep 24 19:02:27 CarKit tncd[142431]: bridge: port 0 reconnect error: bluetooth: connection to 38:D2:00:01:67:9D timed out (30s)
Sep 24 19:02:27 CarKit tncd[142431]: bridge: port 0 reconnect in 60.0s
Sep 24 19:02:27 CarKit tncd[142431]: bluetooth: calling ConnectProfile on /org/bluez/hci0/dev_34_81_F4_AA_B3_D3
Sep 24 19:02:27 CarKit tncd[142431]: bluetooth: calling ConnectProfile on /org/bluez/hci0/dev_38_D2_00_01_52_8F
Sep 24 19:02:27 CarKit tncd[142431]: bridge: port 1 reconnect error: bluetooth: ConnectProfile: Method "ConnectProfile" with signature "s" on interface "org.bluez.Device1" doesn't exist
Sep 24 19:02:27 CarKit tncd[142431]: bridge: port 1 reconnect in 60.0s
Sep 24 19:02:27 CarKit tncd[142431]: bridge: port 2 reconnect error: bluetooth: ConnectProfile: Method "ConnectProfile" with signature "s" on interface "org.bluez.Device1" doesn't exist
Sep 24 19:02:27 CarKit tncd[142431]: bridge: port 2 reconnect in 60.0s
Sep 24 19:03:27 CarKit tncd[142431]: bluetooth: calling ConnectProfile on /org/bluez/hci0/dev_38_D2_00_01_67_9D
Sep 24 19:03:27 CarKit tncd[142431]: bluetooth: calling ConnectProfile on /org/bluez/hci0/dev_34_81_F4_AA_B3_D3
Sep 24 19:03:27 CarKit tncd[142431]: bluetooth: calling ConnectProfile on /org/bluez/hci0/dev_38_D2_00_01_52_8F
Sep 24 19:03:27 CarKit tncd[142431]: bridge: port 1 reconnect error: bluetooth: ConnectProfile: Method "ConnectProfile" with signature "s" on interface "org.bluez.Device1" doesn't exist
Sep 24 19:03:27 CarKit tncd[142431]: bridge: port 1 reconnect in 60.0s
Sep 24 19:03:27 CarKit tncd[142431]: bridge: port 2 reconnect error: bluetooth: ConnectProfile: Method "ConnectProfile" with signature "s" on interface "org.bluez.Device1" doesn't exist
Sep 24 19:03:27 CarKit tncd[142431]: bridge: port 2 reconnect in 60.0s
Sep 24 19:03:42 CarKit tncd[142431]: bridge: closing idle AGWPE client
Sep 24 19:03:42 CarKit tncd[142431]: agwpe: read error from 127.0.0.1:36554: read tcp 127.0.0.1:8005->127.0.0.1:36554: use of closed network connection
Sep 24 19:03:42 CarKit tncd[142431]: agwpe: client disconnected from 127.0.0.1:36554
Sep 24 19:03:42 CarKit tncd[142431]: agwpe: client connected from 127.0.0.1:51996
Sep 24 19:03:42 CarKit tncd[142431]: agwpe: handle_frame: port=0 kind=0x67 from="" to="" len=0
Sep 24 19:03:42 CarKit tncd[142431]: agwpe: PORT CAPABILITIES request for port 0
Sep 24 19:03:42 CarKit tncd[142431]: agwpe: handle_frame: port=0 kind=0x58 from="KU0HN" to="" len=0
Sep 24 19:03:42 CarKit tncd[142431]: agwpe: REGISTER from="KU0HN"
Sep 24 19:03:42 CarKit tncd[142431]: agwpe: handle_frame: port=0 kind=0x52 from="" to="" len=0
Sep 24 19:03:42 CarKit tncd[142431]: agwpe: VERSION request
Sep 24 19:03:42 CarKit tncd[142431]: agwpe: handle_frame: port=0 kind=0x52 from="" to="" len=0
Sep 24 19:03:42 CarKit tncd[142431]: agwpe: VERSION request
Sep 24 19:03:57 CarKit tncd[142431]: bridge: port 0 reconnect error: bluetooth: connection to 38:D2:00:01:67:9D timed out (30s)
Sep 24 19:03:57 CarKit tncd[142431]: bridge: port 0 reconnect in 60.0s
Sep 24 19:04:27 CarKit tncd[142431]: bluetooth: calling ConnectProfile on /org/bluez/hci0/dev_38_D2_00_01_52_8F
Sep 24 19:04:27 CarKit tncd[142431]: bluetooth: calling ConnectProfile on /org/bluez/hci0/dev_34_81_F4_AA_B3_D3
Sep 24 19:04:27 CarKit tncd[142431]: bridge: port 2 reconnect error: bluetooth: ConnectProfile: Method "ConnectProfile" with signature "s" on interface "org.bluez.Device1" doesn't exist
Sep 24 19:04:27 CarKit tncd[142431]: bridge: port 2 reconnect in 60.0s
Sep 24 19:04:27 CarKit tncd[142431]: bridge: port 1 reconnect error: bluetooth: ConnectProfile: Method "ConnectProfile" with signature "s" on interface "org.bluez.Device1" doesn't exist
Sep 24 19:04:27 CarKit tncd[142431]: bridge: port 1 reconnect in 60.0s
Sep 24 19:04:57 CarKit tncd[142431]: bluetooth: calling ConnectProfile on /org/bluez/hci0/dev_38_D2_00_01_67_9D
Sep 24 19:05:27 CarKit tncd[142431]: bridge: port 0 reconnect error: bluetooth: connection to 38:D2:00:01:67:9D timed out (30s)
Sep 24 19:05:27 CarKit tncd[142431]: bridge: port 0 reconnect in 60.0s
Sep 24 19:05:27 CarKit tncd[142431]: bluetooth: calling ConnectProfile on /org/bluez/hci0/dev_38_D2_00_01_52_8F
Sep 24 19:05:27 CarKit tncd[142431]: bluetooth: calling ConnectProfile on /org/bluez/hci0/dev_34_81_F4_AA_B3_D3
Sep 24 19:05:27 CarKit tncd[142431]: bridge: port 2 reconnect error: bluetooth: ConnectProfile: Method "ConnectProfile" with signature "s" on interface "org.bluez.Device1" doesn't exist
Sep 24 19:05:27 CarKit tncd[142431]: bridge: port 2 reconnect in 60.0s
Sep 24 19:05:27 CarKit tncd[142431]: bridge: port 1 reconnect error: bluetooth: ConnectProfile: Method "ConnectProfile" with signature "s" on interface "org.bluez.Device1" doesn't exist
Sep 24 19:05:27 CarKit tncd[142431]: bridge: port 1 reconnect in 60.0s
Sep 24 19:06:27 CarKit tncd[142431]: bluetooth: calling ConnectProfile on /org/bluez/hci0/dev_38_D2_00_01_52_8F
Sep 24 19:06:27 CarKit tncd[142431]: bluetooth: calling ConnectProfile on /org/bluez/hci0/dev_34_81_F4_AA_B3_D3
Sep 24 19:06:27 CarKit tncd[142431]: bluetooth: calling ConnectProfile on /org/bluez/hci0/dev_38_D2_00_01_67_9D
Sep 24 19:06:27 CarKit tncd[142431]: bridge: port 2 reconnect error: bluetooth: ConnectProfile: Method "ConnectProfile" with signature "s" on interface "org.bluez.Device1" doesn't exist
Sep 24 19:06:27 CarKit tncd[142431]: bridge: port 2 reconnect in 60.0s
Sep 24 19:06:27 CarKit tncd[142431]: bridge: port 1 reconnect error: bluetooth: ConnectProfile: Method "ConnectProfile" with signature "s" on interface "org.bluez.Device1" doesn't exist
Sep 24 19:06:27 CarKit tncd[142431]: bridge: port 1 reconnect in 60.0s
Sep 24 19:06:57 CarKit tncd[142431]: bridge: port 0 reconnect error: bluetooth: connection to 38:D2:00:01:67:9D timed out (30s)
Sep 24 19:06:57 CarKit tncd[142431]: bridge: port 0 reconnect in 60.0s
Sep 24 19:07:27 CarKit tncd[142431]: bluetooth: calling ConnectProfile on /org/bluez/hci0/dev_34_81_F4_AA_B3_D3
Sep 24 19:07:27 CarKit tncd[142431]: bluetooth: calling ConnectProfile on /org/bluez/hci0/dev_38_D2_00_01_52_8F
Sep 24 19:07:27 CarKit tncd[142431]: bridge: port 1 reconnect error: bluetooth: ConnectProfile: Method "ConnectProfile" with signature "s" on interface "org.bluez.Device1" doesn't exist
Sep 24 19:07:27 CarKit tncd[142431]: bridge: port 1 reconnect in 60.0s
Sep 24 19:07:27 CarKit tncd[142431]: bridge: port 2 reconnect error: bluetooth: ConnectProfile: Method "ConnectProfile" with signature "s" on interface "org.bluez.Device1" doesn't exist
Sep 24 19:07:27 CarKit tncd[142431]: bridge: port 2 reconnect in 60.0s
Sep 24 19:07:57 CarKit tncd[142431]: bluetooth: calling ConnectProfile on /org/bluez/hci0/dev_38_D2_00_01_67_9D
Sep 24 19:08:27 CarKit tncd[142431]: bridge: port 0 reconnect error: bluetooth: connection to 38:D2:00:01:67:9D timed out (30s)
Sep 24 19:08:27 CarKit tncd[142431]: bridge: port 0 reconnect in 60.0s
Sep 24 19:08:27 CarKit tncd[142431]: bluetooth: calling ConnectProfile on /org/bluez/hci0/dev_34_81_F4_AA_B3_D3
Sep 24 19:08:27 CarKit tncd[142431]: bluetooth: calling ConnectProfile on /org/bluez/hci0/dev_38_D2_00_01_52_8F
Sep 24 19:08:27 CarKit tncd[142431]: bridge: port 1 reconnect error: bluetooth: ConnectProfile: Method "ConnectProfile" with signature "s" on interface "org.bluez.Device1" doesn't exist
Sep 24 19:08:27 CarKit tncd[142431]: bridge: port 1 reconnect in 60.0s
Sep 24 19:08:27 CarKit tncd[142431]: bridge: port 2 reconnect error: bluetooth: ConnectProfile: Method "ConnectProfile" with signature "s" on interface "org.bluez.Device1" doesn't exist
Sep 24 19:08:27 CarKit tncd[142431]: bridge: port 2 reconnect in 60.0s
Sep 24 19:08:42 CarKit tncd[142431]: bridge: closing idle AGWPE client
Sep 24 19:08:42 CarKit tncd[142431]: agwpe: read error from 127.0.0.1:51996: read tcp 127.0.0.1:8005->127.0.0.1:51996: use of closed network connection
Sep 24 19:08:42 CarKit tncd[142431]: agwpe: client disconnected from 127.0.0.1:51996
Sep 24 19:08:42 CarKit tncd[142431]: agwpe: client connected from 127.0.0.1:36734
Sep 24 19:08:42 CarKit tncd[142431]: agwpe: handle_frame: port=0 kind=0x67 from="" to="" len=0
Sep 24 19:08:42 CarKit tncd[142431]: agwpe: PORT CAPABILITIES request for port 0
Sep 24 19:08:42 CarKit tncd[142431]: agwpe: handle_frame: port=0 kind=0x58 from="KU0HN" to="" len=0
Sep 24 19:08:42 CarKit tncd[142431]: agwpe: REGISTER from="KU0HN"
Sep 24 19:08:42 CarKit tncd[142431]: agwpe: handle_frame: port=0 kind=0x52 from="" to="" len=0
Sep 24 19:08:42 CarKit tncd[142431]: agwpe: VERSION request
Sep 24 19:08:42 CarKit tncd[142431]: agwpe: handle_frame: port=0 kind=0x52 from="" to="" len=0
Sep 24 19:08:42 CarKit tncd[142431]: agwpe: VERSION request
Sep 24 19:09:27 CarKit tncd[142431]: bluetooth: calling ConnectProfile on /org/bluez/hci0/dev_38_D2_00_01_67_9D
Sep 24 19:09:27 CarKit tncd[142431]: bluetooth: calling ConnectProfile on /org/bluez/hci0/dev_38_D2_00_01_52_8F
Sep 24 19:09:27 CarKit tncd[142431]: bluetooth: calling ConnectProfile on /org/bluez/hci0/dev_34_81_F4_AA_B3_D3
Sep 24 19:09:27 CarKit tncd[142431]: bridge: port 1 reconnect error: bluetooth: ConnectProfile: Method "ConnectProfile" with signature "s" on interface "org.bluez.Device1" doesn't exist
Sep 24 19:09:27 CarKit tncd[142431]: bridge: port 1 reconnect in 60.0s
Sep 24 19:09:27 CarKit tncd[142431]: bridge: port 2 reconnect error: bluetooth: ConnectProfile: Method "ConnectProfile" with signature "s" on interface "org.bluez.Device1" doesn't exist
Sep 24 19:09:27 CarKit tncd[142431]: bridge: port 2 reconnect in 60.0s
Sep 24 19:09:57 CarKit tncd[142431]: bridge: port 0 reconnect error: bluetooth: connection to 38:D2:00:01:67:9D timed out (30s)
Sep 24 19:09:57 CarKit tncd[142431]: bridge: port 0 reconnect in 60.0s
Sep 24 19:10:27 CarKit tncd[142431]: bluetooth: calling ConnectProfile on /org/bluez/hci0/dev_38_D2_00_01_52_8F
Sep 24 19:10:27 CarKit tncd[142431]: bluetooth: calling ConnectProfile on /org/bluez/hci0/dev_34_81_F4_AA_B3_D3
Sep 24 19:10:27 CarKit tncd[142431]: bridge: port 1 reconnect error: bluetooth: ConnectProfile: Method "ConnectProfile" with signature "s" on interface "org.bluez.Device1" doesn't exist
Sep 24 19:10:27 CarKit tncd[142431]: bridge: port 1 reconnect in 60.0s
Sep 24 19:10:27 CarKit tncd[142431]: bridge: port 2 reconnect error: bluetooth: ConnectProfile: Method "ConnectProfile" with signature "s" on interface "org.bluez.Device1" doesn't exist
Sep 24 19:10:27 CarKit tncd[142431]: bridge: port 2 reconnect in 60.0s
Sep 24 19:10:57 CarKit tncd[142431]: bluetooth: calling ConnectProfile on /org/bluez/hci0/dev_38_D2_00_01_67_9D
Sep 24 19:11:27 CarKit tncd[142431]: bridge: port 0 reconnect error: bluetooth: connection to 38:D2:00:01:67:9D timed out (30s)
Sep 24 19:11:27 CarKit tncd[142431]: bridge: port 0 reconnect in 60.0s
Sep 24 19:11:27 CarKit tncd[142431]: bluetooth: calling ConnectProfile on /org/bluez/hci0/dev_34_81_F4_AA_B3_D3
Sep 24 19:11:27 CarKit tncd[142431]: bluetooth: calling ConnectProfile on /org/bluez/hci0/dev_38_D2_00_01_52_8F
Sep 24 19:11:27 CarKit tncd[142431]: bridge: port 2 reconnect error: bluetooth: ConnectProfile: Method "ConnectProfile" with signature "s" on interface "org.bluez.Device1" doesn't exist
Sep 24 19:11:27 CarKit tncd[142431]: bridge: port 2 reconnect in 60.0s
Sep 24 19:11:27 CarKit tncd[142431]: bridge: port 1 reconnect error: bluetooth: ConnectProfile: Method "ConnectProfile" with signature "s" on interface "org.bluez.Device1" doesn't exist
Sep 24 19:11:27 CarKit tncd[142431]: bridge: port 1 reconnect in 60.0s
Sep 24 19:12:27 CarKit tncd[142431]: bluetooth: calling ConnectProfile on /org/bluez/hci0/dev_38_D2_00_01_67_9D
Sep 24 19:12:27 CarKit tncd[142431]: bluetooth: calling ConnectProfile on /org/bluez/hci0/dev_38_D2_00_01_52_8F
Sep 24 19:12:27 CarKit tncd[142431]: bluetooth: calling ConnectProfile on /org/bluez/hci0/dev_34_81_F4_AA_B3_D3
Sep 24 19:12:27 CarKit tncd[142431]: bridge: port 2 reconnect error: bluetooth: ConnectProfile: Method "ConnectProfile" with signature "s" on interface "org.bluez.Device1" doesn't exist
Sep 24 19:12:27 CarKit tncd[142431]: bridge: port 2 reconnect in 60.0s
Sep 24 19:12:27 CarKit tncd[142431]: bridge: port 1 reconnect error: bluetooth: ConnectProfile: Method "ConnectProfile" with signature "s" on interface "org.bluez.Device1" doesn't exist
Sep 24 19:12:27 CarKit tncd[142431]: bridge: port 1 reconnect in 60.0s
Sep 24 19:12:57 CarKit tncd[142431]: bridge: port 0 reconnect error: bluetooth: connection to 38:D2:00:01:67:9D timed out (30s)
Sep 24 19:12:57 CarKit tncd[142431]: bridge: port 0 reconnect in 60.0s
Sep 24 19:13:27 CarKit tncd[142431]: bluetooth: calling ConnectProfile on /org/bluez/hci0/dev_34_81_F4_AA_B3_D3
Sep 24 19:13:27 CarKit tncd[142431]: bluetooth: calling ConnectProfile on /org/bluez/hci0/dev_38_D2_00_01_52_8F
Sep 24 19:13:27 CarKit tncd[142431]: bridge: port 1 reconnect error: bluetooth: ConnectProfile: Method "ConnectProfile" with signature "s" on interface "org.bluez.Device1" doesn't exist
Sep 24 19:13:27 CarKit tncd[142431]: bridge: port 1 reconnect in 60.0s
Sep 24 19:13:27 CarKit tncd[142431]: bridge: port 2 reconnect error: bluetooth: ConnectProfile: Method "ConnectProfile" with signature "s" on interface "org.bluez.Device1" doesn't exist
Sep 24 19:13:27 CarKit tncd[142431]: bridge: port 2 reconnect in 60.0s
Sep 24 19:13:42 CarKit tncd[142431]: bridge: closing idle AGWPE client
Sep 24 19:13:42 CarKit tncd[142431]: agwpe: read error from 127.0.0.1:36734: read tcp 127.0.0.1:8005->127.0.0.1:36734: use of closed network connection
Sep 24 19:13:42 CarKit tncd[142431]: agwpe: client disconnected from 127.0.0.1:36734
Sep 24 19:13:42 CarKit tncd[142431]: agwpe: client connected from 127.0.0.1:36250
Sep 24 19:13:42 CarKit tncd[142431]: agwpe: handle_frame: port=0 kind=0x67 from="" to="" len=0
Sep 24 19:13:42 CarKit tncd[142431]: agwpe: PORT CAPABILITIES request for port 0
Sep 24 19:13:42 CarKit tncd[142431]: agwpe: handle_frame: port=0 kind=0x58 from="KU0HN" to="" len=0
Sep 24 19:13:42 CarKit tncd[142431]: agwpe: REGISTER from="KU0HN"
Sep 24 19:13:42 CarKit tncd[142431]: agwpe: handle_frame: port=0 kind=0x52 from="" to="" len=0
Sep 24 19:13:42 CarKit tncd[142431]: agwpe: VERSION request
Sep 24 19:13:42 CarKit tncd[142431]: agwpe: handle_frame: port=0 kind=0x52 from="" to="" len=0
Sep 24 19:13:42 CarKit tncd[142431]: agwpe: VERSION request
Sep 24 19:13:57 CarKit tncd[142431]: bluetooth: calling ConnectProfile on /org/bluez/hci0/dev_38_D2_00_01_67_9D
Sep 24 19:14:27 CarKit tncd[142431]: bridge: port 0 reconnect error: bluetooth: connection to 38:D2:00:01:67:9D timed out (30s)
Sep 24 19:14:27 CarKit tncd[142431]: bridge: port 0 reconnect in 60.0s
Sep 24 19:14:27 CarKit tncd[142431]: bluetooth: calling ConnectProfile on /org/bluez/hci0/dev_38_D2_00_01_52_8F
Sep 24 19:14:27 CarKit tncd[142431]: bluetooth: calling ConnectProfile on /org/bluez/hci0/dev_34_81_F4_AA_B3_D3
Sep 24 19:14:27 CarKit tncd[142431]: bridge: port 2 reconnect error: bluetooth: ConnectProfile: Method "ConnectProfile" with signature "s" on interface "org.bluez.Device1" doesn't exist
Sep 24 19:14:27 CarKit tncd[142431]: bridge: port 2 reconnect in 60.0s
Sep 24 19:14:27 CarKit tncd[142431]: bridge: port 1 reconnect error: bluetooth: ConnectProfile: Method "ConnectProfile" with signature "s" on interface "org.bluez.Device1" doesn't exist
Sep 24 19:14:27 CarKit tncd[142431]: bridge: port 1 reconnect in 60.0s
Sep 24 19:15:27 CarKit tncd[142431]: bluetooth: calling ConnectProfile on /org/bluez/hci0/dev_34_81_F4_AA_B3_D3
Sep 24 19:15:27 CarKit tncd[142431]: bluetooth: calling ConnectProfile on /org/bluez/hci0/dev_38_D2_00_01_52_8F
Sep 24 19:15:27 CarKit tncd[142431]: bluetooth: calling ConnectProfile on /org/bluez/hci0/dev_38_D2_00_01_67_9D
Sep 24 19:15:27 CarKit tncd[142431]: bridge: port 1 reconnect error: bluetooth: ConnectProfile: Method "ConnectProfile" with signature "s" on interface "org.bluez.Device1" doesn't exist
Sep 24 19:15:27 CarKit tncd[142431]: bridge: port 1 reconnect in 60.0s
Sep 24 19:15:27 CarKit tncd[142431]: bridge: port 2 reconnect error: bluetooth: ConnectProfile: Method "ConnectProfile" with signature "s" on interface "org.bluez.Device1" doesn't exist
Sep 24 19:15:27 CarKit tncd[142431]: bridge: port 2 reconnect in 60.0s
Sep 24 19:15:57 CarKit tncd[142431]: bridge: port 0 reconnect error: bluetooth: connection to 38:D2:00:01:67:9D timed out (30s)
Sep 24 19:15:57 CarKit tncd[142431]: bridge: port 0 reconnect in 60.0s
Sep 24 19:16:27 CarKit tncd[142431]: bluetooth: calling ConnectProfile on /org/bluez/hci0/dev_38_D2_00_01_52_8F
Sep 24 19:16:27 CarKit tncd[142431]: bluetooth: calling ConnectProfile on /org/bluez/hci0/dev_34_81_F4_AA_B3_D3
Sep 24 19:16:27 CarKit tncd[142431]: bridge: port 1 reconnect error: bluetooth: ConnectProfile: Method "ConnectProfile" with signature "s" on interface "org.bluez.Device1" doesn't exist
Sep 24 19:16:27 CarKit tncd[142431]: bridge: port 2 reconnect error: bluetooth: ConnectProfile: Method "ConnectProfile" with signature "s" on interface "org.bluez.Device1" doesn't exist
Sep 24 19:16:27 CarKit tncd[142431]: bridge: port 1 reconnect in 60.0s
Sep 24 19:16:27 CarKit tncd[142431]: bridge: port 2 reconnect in 60.0s
Sep 24 19:16:57 CarKit tncd[142431]: bluetooth: calling ConnectProfile on /org/bluez/hci0/dev_38_D2_00_01_67_9D
Sep 24 19:17:27 CarKit tncd[142431]: bridge: port 0 reconnect error: bluetooth: connection to 38:D2:00:01:67:9D timed out (30s)
Sep 24 19:17:27 CarKit tncd[142431]: bridge: port 0 reconnect in 60.0s
Sep 24 19:17:27 CarKit tncd[142431]: bluetooth: calling ConnectProfile on /org/bluez/hci0/dev_34_81_F4_AA_B3_D3
Sep 24 19:17:27 CarKit tncd[142431]: bluetooth: calling ConnectProfile on /org/bluez/hci0/dev_38_D2_00_01_52_8F
Sep 24 19:17:27 CarKit tncd[142431]: bridge: port 1 reconnect error: bluetooth: ConnectProfile: Method "ConnectProfile" with signature "s" on interface "org.bluez.Device1" doesn't exist
Sep 24 19:17:27 CarKit tncd[142431]: bridge: port 1 reconnect in 60.0s
Sep 24 19:17:27 CarKit tncd[142431]: bridge: port 2 reconnect error: bluetooth: ConnectProfile: Method "ConnectProfile" with signature "s" on interface "org.bluez.Device1" doesn't exist
Sep 24 19:17:27 CarKit tncd[142431]: bridge: port 2 reconnect in 60.0s
Sep 24 19:18:27 CarKit tncd[142431]: bluetooth: calling ConnectProfile on /org/bluez/hci0/dev_38_D2_00_01_67_9D
Sep 24 19:18:27 CarKit tncd[142431]: bluetooth: calling ConnectProfile on /org/bluez/hci0/dev_38_D2_00_01_52_8F
Sep 24 19:18:27 CarKit tncd[142431]: bluetooth: calling ConnectProfile on /org/bluez/hci0/dev_34_81_F4_AA_B3_D3
Sep 24 19:18:27 CarKit tncd[142431]: bridge: port 2 reconnect error: bluetooth: ConnectProfile: Method "ConnectProfile" with signature "s" on interface "org.bluez.Device1" doesn't exist
Sep 24 19:18:27 CarKit tncd[142431]: bridge: port 2 reconnect in 60.0s
Sep 24 19:18:27 CarKit tncd[142431]: bridge: port 1 reconnect error: bluetooth: ConnectProfile: Method "ConnectProfile" with signature "s" on interface "org.bluez.Device1" doesn't exist
Sep 24 19:18:27 CarKit tncd[142431]: bridge: port 1 reconnect in 60.0s
Sep 24 19:18:42 CarKit tncd[142431]: bridge: closing idle AGWPE client
Sep 24 19:18:42 CarKit tncd[142431]: agwpe: read error from 127.0.0.1:36250: read tcp 127.0.0.1:8005->127.0.0.1:36250: use of closed network connection
Sep 24 19:18:42 CarKit tncd[142431]: agwpe: client disconnected from 127.0.0.1:36250
Sep 24 19:18:42 CarKit tncd[142431]: agwpe: client connected from 127.0.0.1:37122
Sep 24 19:18:42 CarKit tncd[142431]: agwpe: handle_frame: port=0 kind=0x67 from="" to="" len=0
Sep 24 19:18:42 CarKit tncd[142431]: agwpe: PORT CAPABILITIES request for port 0
Sep 24 19:18:42 CarKit tncd[142431]: agwpe: handle_frame: port=0 kind=0x58 from="KU0HN" to="" len=0
Sep 24 19:18:42 CarKit tncd[142431]: agwpe: REGISTER from="KU0HN"
Sep 24 19:18:42 CarKit tncd[142431]: agwpe: handle_frame: port=0 kind=0x52 from="" to="" len=0
Sep 24 19:18:42 CarKit tncd[142431]: agwpe: VERSION request
Sep 24 19:18:42 CarKit tncd[142431]: agwpe: handle_frame: port=0 kind=0x52 from="" to="" len=0
Sep 24 19:18:42 CarKit tncd[142431]: agwpe: VERSION request
Sep 24 19:18:57 CarKit tncd[142431]: bridge: port 0 reconnect error: bluetooth: connection to 38:D2:00:01:67:9D timed out (30s)
Sep 24 19:18:57 CarKit tncd[142431]: bridge: port 0 reconnect in 60.0s
Sep 24 19:19:27 CarKit tncd[142431]: bluetooth: calling ConnectProfile on /org/bluez/hci0/dev_38_D2_00_01_52_8F
Sep 24 19:19:27 CarKit tncd[142431]: bluetooth: calling ConnectProfile on /org/bluez/hci0/dev_34_81_F4_AA_B3_D3
Sep 24 19:19:27 CarKit tncd[142431]: bridge: port 2 reconnect error: bluetooth: ConnectProfile: Method "ConnectProfile" with signature "s" on interface "org.bluez.Device1" doesn't exist
Sep 24 19:19:27 CarKit tncd[142431]: bridge: port 1 reconnect error: bluetooth: ConnectProfile: Method "ConnectProfile" with signature "s" on interface "org.bluez.Device1" doesn't exist
Sep 24 19:19:27 CarKit tncd[142431]: bridge: port 2 reconnect in 60.0s
Sep 24 19:19:27 CarKit tncd[142431]: bridge: port 1 reconnect in 60.0s
Sep 24 19:19:57 CarKit tncd[142431]: bluetooth: calling ConnectProfile on /org/bluez/hci0/dev_38_D2_00_01_67_9D
Sep 24 19:20:27 CarKit tncd[142431]: bridge: port 0 reconnect error: bluetooth: connection to 38:D2:00:01:67:9D timed out (30s)
Sep 24 19:20:27 CarKit tncd[142431]: bridge: port 0 reconnect in 60.0s
Sep 24 19:20:27 CarKit tncd[142431]: bluetooth: calling ConnectProfile on /org/bluez/hci0/dev_38_D2_00_01_52_8F
Sep 24 19:20:27 CarKit tncd[142431]: bluetooth: calling ConnectProfile on /org/bluez/hci0/dev_34_81_F4_AA_B3_D3
Sep 24 19:20:27 CarKit tncd[142431]: bridge: port 2 reconnect error: bluetooth: ConnectProfile: Method "ConnectProfile" with signature "s" on interface "org.bluez.Device1" doesn't exist
Sep 24 19:20:27 CarKit tncd[142431]: bridge: port 2 reconnect in 60.0s
Sep 24 19:20:27 CarKit tncd[142431]: bridge: port 1 reconnect error: bluetooth: ConnectProfile: Method "ConnectProfile" with signature "s" on interface "org.bluez.Device1" doesn't exist
Sep 24 19:20:27 CarKit tncd[142431]: bridge: port 1 reconnect in 60.0s
Sep 24 19:21:27 CarKit tncd[142431]: bluetooth: calling ConnectProfile on /org/bluez/hci0/dev_38_D2_00_01_67_9D
Sep 24 19:21:27 CarKit tncd[142431]: bluetooth: calling ConnectProfile on /org/bluez/hci0/dev_38_D2_00_01_52_8F
Sep 24 19:21:27 CarKit tncd[142431]: bluetooth: calling ConnectProfile on /org/bluez/hci0/dev_34_81_F4_AA_B3_D3
Sep 24 19:21:27 CarKit tncd[142431]: bridge: port 2 reconnect error: bluetooth: ConnectProfile: Method "ConnectProfile" with signature "s" on interface "org.bluez.Device1" doesn't exist
Sep 24 19:21:27 CarKit tncd[142431]: bridge: port 2 reconnect in 60.0s
Sep 24 19:21:27 CarKit tncd[142431]: bridge: port 1 reconnect error: bluetooth: ConnectProfile: Method "ConnectProfile" with signature "s" on interface "org.bluez.Device1" doesn't exist
Sep 24 19:21:27 CarKit tncd[142431]: bridge: port 1 reconnect in 60.0s
Sep 24 19:21:57 CarKit tncd[142431]: bridge: port 0 reconnect error: bluetooth: connection to 38:D2:00:01:67:9D timed out (30s)
Sep 24 19:21:57 CarKit tncd[142431]: bridge: port 0 reconnect in 60.0s
Sep 24 19:22:27 CarKit tncd[142431]: bluetooth: calling ConnectProfile on /org/bluez/hci0/dev_34_81_F4_AA_B3_D3
Sep 24 19:22:27 CarKit tncd[142431]: bluetooth: calling ConnectProfile on /org/bluez/hci0/dev_38_D2_00_01_52_8F
Sep 24 19:22:27 CarKit tncd[142431]: bridge: port 1 reconnect error: bluetooth: ConnectProfile: Method "ConnectProfile" with signature "s" on interface "org.bluez.Device1" doesn't exist
Sep 24 19:22:27 CarKit tncd[142431]: bridge: port 1 reconnect in 60.0s
Sep 24 19:22:27 CarKit tncd[142431]: bridge: port 2 reconnect error: bluetooth: ConnectProfile: Method "ConnectProfile" with signature "s" on interface "org.bluez.Device1" doesn't exist
Sep 24 19:22:27 CarKit tncd[142431]: bridge: port 2 reconnect in 60.0s
Sep 24 19:22:57 CarKit tncd[142431]: bluetooth: calling ConnectProfile on /org/bluez/hci0/dev_38_D2_00_01_67_9D
Sep 24 19:23:27 CarKit tncd[142431]: bridge: port 0 reconnect error: bluetooth: connection to 38:D2:00:01:67:9D timed out (30s)
Sep 24 19:23:27 CarKit tncd[142431]: bridge: port 0 reconnect in 60.0s
Sep 24 19:23:27 CarKit tncd[142431]: bluetooth: calling ConnectProfile on /org/bluez/hci0/dev_38_D2_00_01_52_8F
Sep 24 19:23:27 CarKit tncd[142431]: bluetooth: calling ConnectProfile on /org/bluez/hci0/dev_34_81_F4_AA_B3_D3
Sep 24 19:23:27 CarKit tncd[142431]: bridge: port 2 reconnect error: bluetooth: ConnectProfile: Method "ConnectProfile" with signature "s" on interface "org.bluez.Device1" doesn't exist
Sep 24 19:23:27 CarKit tncd[142431]: bridge: port 2 reconnect in 60.0s
Sep 24 19:23:27 CarKit tncd[142431]: bridge: port 1 reconnect error: bluetooth: ConnectProfile: Method "ConnectProfile" with signature "s" on interface "org.bluez.Device1" doesn't exist
Sep 24 19:23:27 CarKit tncd[142431]: bridge: port 1 reconnect in 60.0s
Sep 24 19:23:42 CarKit tncd[142431]: bridge: closing idle AGWPE client
Sep 24 19:23:42 CarKit tncd[142431]: agwpe: read error from 127.0.0.1:37122: read tcp 127.0.0.1:8005->127.0.0.1:37122: use of closed network connection
Sep 24 19:23:42 CarKit tncd[142431]: agwpe: client disconnected from 127.0.0.1:37122
Sep 24 19:23:42 CarKit tncd[142431]: agwpe: client connected from 127.0.0.1:33024
Sep 24 19:23:42 CarKit tncd[142431]: agwpe: handle_frame: port=0 kind=0x67 from="" to="" len=0
Sep 24 19:23:42 CarKit tncd[142431]: agwpe: PORT CAPABILITIES request for port 0
Sep 24 19:23:42 CarKit tncd[142431]: agwpe: handle_frame: port=0 kind=0x58 from="KU0HN" to="" len=0
Sep 24 19:23:42 CarKit tncd[142431]: agwpe: REGISTER from="KU0HN"
Sep 24 19:23:42 CarKit tncd[142431]: agwpe: handle_frame: port=0 kind=0x52 from="" to="" len=0
Sep 24 19:23:42 CarKit tncd[142431]: agwpe: VERSION request
Sep 24 19:23:42 CarKit tncd[142431]: agwpe: handle_frame: port=0 kind=0x52 from="" to="" len=0
Sep 24 19:23:42 CarKit tncd[142431]: agwpe: VERSION request
Sep 24 19:24:27 CarKit tncd[142431]: bluetooth: calling ConnectProfile on /org/bluez/hci0/dev_38_D2_00_01_67_9D
Sep 24 19:24:27 CarKit tncd[142431]: bluetooth: calling ConnectProfile on /org/bluez/hci0/dev_38_D2_00_01_52_8F
Sep 24 19:24:27 CarKit tncd[142431]: bluetooth: calling ConnectProfile on /org/bluez/hci0/dev_34_81_F4_AA_B3_D3
Sep 24 19:24:27 CarKit tncd[142431]: bridge: port 1 reconnect error: bluetooth: ConnectProfile: Method "ConnectProfile" with signature "s" on interface "org.bluez.Device1" doesn't exist
Sep 24 19:24:27 CarKit tncd[142431]: bridge: port 2 reconnect error: bluetooth: ConnectProfile: Method "ConnectProfile" with signature "s" on interface "org.bluez.Device1" doesn't exist
Sep 24 19:24:27 CarKit tncd[142431]: bridge: port 1 reconnect in 60.0s
Sep 24 19:24:27 CarKit tncd[142431]: bridge: port 2 reconnect in 60.0s
Sep 24 19:24:57 CarKit tncd[142431]: bridge: port 0 reconnect error: bluetooth: connection to 38:D2:00:01:67:9D timed out (30s)
Sep 24 19:24:57 CarKit tncd[142431]: bridge: port 0 reconnect in 60.0s
Sep 24 19:25:27 CarKit tncd[142431]: bluetooth: calling ConnectProfile on /org/bluez/hci0/dev_34_81_F4_AA_B3_D3
Sep 24 19:25:27 CarKit tncd[142431]: bluetooth: calling ConnectProfile on /org/bluez/hci0/dev_38_D2_00_01_52_8F
Sep 24 19:25:27 CarKit tncd[142431]: bridge: port 1 reconnect error: bluetooth: ConnectProfile: Method "ConnectProfile" with signature "s" on interface "org.bluez.Device1" doesn't exist
Sep 24 19:25:27 CarKit tncd[142431]: bridge: port 2 reconnect error: bluetooth: ConnectProfile: Method "ConnectProfile" with signature "s" on interface "org.bluez.Device1" doesn't exist
Sep 24 19:25:27 CarKit tncd[142431]: bridge: port 1 reconnect in 60.0s
Sep 24 19:25:27 CarKit tncd[142431]: bridge: port 2 reconnect in 60.0s
Sep 24 19:25:57 CarKit tncd[142431]: bluetooth: calling ConnectProfile on /org/bluez/hci0/dev_38_D2_00_01_67_9D
Sep 24 19:26:27 CarKit tncd[142431]: bridge: port 0 reconnect error: bluetooth: connection to 38:D2:00:01:67:9D timed out (30s)
Sep 24 19:26:27 CarKit tncd[142431]: bridge: port 0 reconnect in 60.0s
Sep 24 19:26:27 CarKit tncd[142431]: bluetooth: calling ConnectProfile on /org/bluez/hci0/dev_38_D2_00_01_52_8F
Sep 24 19:26:27 CarKit tncd[142431]: bluetooth: calling ConnectProfile on /org/bluez/hci0/dev_34_81_F4_AA_B3_D3
Sep 24 19:26:27 CarKit tncd[142431]: bridge: port 1 reconnect error: bluetooth: ConnectProfile: Method "ConnectProfile" with signature "s" on interface "org.bluez.Device1" doesn't exist
Sep 24 19:26:27 CarKit tncd[142431]: bridge: port 1 reconnect in 60.0s
Sep 24 19:26:27 CarKit tncd[142431]: bridge: port 2 reconnect error: bluetooth: ConnectProfile: Method "ConnectProfile" with signature "s" on interface "org.bluez.Device1" doesn't exist
Sep 24 19:26:27 CarKit tncd[142431]: bridge: port 2 reconnect in 60.0s
Sep 24 19:27:27 CarKit tncd[142431]: bluetooth: 38:D2:00:01:67:9D already connected, disconnecting first
Sep 24 19:27:27 CarKit tncd[142431]: bluetooth: calling ConnectProfile on /org/bluez/hci0/dev_38_D2_00_01_52_8F
Sep 24 19:27:27 CarKit tncd[142431]: bluetooth: calling ConnectProfile on /org/bluez/hci0/dev_34_81_F4_AA_B3_D3
Sep 24 19:27:27 CarKit tncd[142431]: bridge: port 1 reconnect error: bluetooth: ConnectProfile: Method "ConnectProfile" with signature "s" on interface "org.bluez.Device1" doesn't exist
Sep 24 19:27:27 CarKit tncd[142431]: bridge: port 2 reconnect error: bluetooth: ConnectProfile: Method "ConnectProfile" with signature "s" on interface "org.bluez.Device1" doesn't exist
Sep 24 19:27:27 CarKit tncd[142431]: bridge: port 1 reconnect in 60.0s
Sep 24 19:27:27 CarKit tncd[142431]: bridge: port 2 reconnect in 60.0s
Sep 24 19:27:29 CarKit tncd[142431]: bluetooth: calling ConnectProfile on /org/bluez/hci0/dev_38_D2_00_01_67_9D
Sep 24 19:27:33 CarKit tncd[142431]: bluetooth: NewConnection: path=/org/bluez/hci0/dev_38_D2_00_01_67_9D fd=8
Sep 24 19:27:33 CarKit tncd[142431]: bluetooth: SPP socket ready (fd=8) for 38:D2:00:01:67:9D
Sep 24 19:27:33 CarKit tncd[142431]: bluetooth: 38:D2:00:01:67:9D dropped audio profile 0000111e-0000-1000-8000-00805f9b34fb
Sep 24 19:27:33 CarKit tncd[142431]: bluetooth: 38:D2:00:01:67:9D dropped audio profile 0000111f-0000-1000-8000-00805f9b34fb
Sep 24 19:27:33 CarKit tncd[142431]: bridge: port 0 reconnected
Sep 24 19:28:24 CarKit tncd[142431]: agwpe: handle_frame: port=0 kind=0x52 from="" to="" len=0
Sep 24 19:28:24 CarKit tncd[142431]: agwpe: VERSION request
Sep 24 19:28:24 CarKit tncd[142431]: agwpe: handle_frame: port=0 kind=0x43 from="KU0HN" to="KU0HN-10" len=0
Sep 24 19:28:24 CarKit tncd[142431]: agwpe: CONNECT "KU0HN" -> "KU0HN-10"
Sep 24 19:28:27 CarKit tncd[142431]: bluetooth: calling ConnectProfile on /org/bluez/hci0/dev_38_D2_00_01_52_8F
Sep 24 19:28:27 CarKit tncd[142431]: bluetooth: calling ConnectProfile on /org/bluez/hci0/dev_34_81_F4_AA_B3_D3
Sep 24 19:28:27 CarKit tncd[142431]: bridge: port 1 reconnect error: bluetooth: ConnectProfile: Method "ConnectProfile" with signature "s" on interface "org.bluez.Device1" doesn't exist
Sep 24 19:28:27 CarKit tncd[142431]: bridge: port 1 reconnect in 60.0s
Sep 24 19:28:27 CarKit tncd[142431]: bridge: port 2 reconnect error: bluetooth: ConnectProfile: Method "ConnectProfile" with signature "s" on interface "org.bluez.Device1" doesn't exist
Sep 24 19:28:27 CarKit tncd[142431]: bridge: port 2 reconnect in 60.0s
Sep 24 19:28:36 CarKit tncd[142431]: agwpe: handle_frame: port=0 kind=0x59 from="KU0HN" to="KU0HN-10" len=0
Sep 24 19:28:36 CarKit tncd[142431]: agwpe: 'Y' query "KU0HN"<->"KU0HN-10": outstanding=0
Sep 24 19:28:36 CarKit tncd[142431]: agwpe: handle_frame: port=0 kind=0x44 from="KU0HN" to="KU0HN-10" len=74
Sep 24 19:28:36 CarKit tncd[142431]: agwpe: handle_frame: port=0 kind=0x59 from="KU0HN" to="KU0HN-10" len=0
Sep 24 19:28:36 CarKit tncd[142431]: agwpe: 'Y' query "KU0HN"<->"KU0HN-10": outstanding=1
Sep 24 19:28:36 CarKit tncd[142431]: agwpe: handle_frame: port=0 kind=0x59 from="KU0HN" to="KU0HN-10" len=0
Sep 24 19:28:36 CarKit tncd[142431]: agwpe: 'Y' query "KU0HN"<->"KU0HN-10": outstanding=1
Sep 24 19:28:36 CarKit tncd[142431]: agwpe: handle_frame: port=0 kind=0x44 from="KU0HN" to="KU0HN-10" len=29
Sep 24 19:28:36 CarKit tncd[142431]: agwpe: handle_frame: port=0 kind=0x59 from="KU0HN" to="KU0HN-10" len=0
Sep 24 19:28:36 CarKit tncd[142431]: agwpe: 'Y' query "KU0HN"<->"KU0HN-10": outstanding=2
Sep 24 19:28:36 CarKit tncd[142431]: agwpe: handle_frame: port=0 kind=0x59 from="KU0HN" to="KU0HN-10" len=0
Sep 24 19:28:36 CarKit tncd[142431]: agwpe: 'Y' query "KU0HN"<->"KU0HN-10": outstanding=2
Sep 24 19:28:36 CarKit tncd[142431]: agwpe: handle_frame: port=0 kind=0x44 from="KU0HN" to="KU0HN-10" len=6
Sep 24 19:28:36 CarKit tncd[142431]: agwpe: handle_frame: port=0 kind=0x59 from="KU0HN" to="KU0HN-10" len=0
Sep 24 19:28:36 CarKit tncd[142431]: agwpe: 'Y' query "KU0HN"<->"KU0HN-10": outstanding=3
Sep 24 19:28:59 CarKit tncd[142431]: agwpe: handle_frame: port=0 kind=0x59 from="KU0HN" to="KU0HN-10" len=0
Sep 24 19:28:59 CarKit tncd[142431]: agwpe: 'Y' query "KU0HN"<->"KU0HN-10": outstanding=0
Sep 24 19:28:59 CarKit tncd[142431]: agwpe: handle_frame: port=0 kind=0x44 from="KU0HN" to="KU0HN-10" len=30
Sep 24 19:28:59 CarKit tncd[142431]: agwpe: handle_frame: port=0 kind=0x59 from="KU0HN" to="KU0HN-10" len=0
Sep 24 19:28:59 CarKit tncd[142431]: agwpe: 'Y' query "KU0HN"<->"KU0HN-10": outstanding=1
Sep 24 19:28:59 CarKit tncd[142431]: agwpe: handle_frame: port=0 kind=0x59 from="KU0HN" to="KU0HN-10" len=0
Sep 24 19:28:59 CarKit tncd[142431]: agwpe: 'Y' query "KU0HN"<->"KU0HN-10": outstanding=1
Sep 24 19:28:59 CarKit tncd[142431]: agwpe: handle_frame: port=0 kind=0x44 from="KU0HN" to="KU0HN-10" len=127
Sep 24 19:28:59 CarKit tncd[142431]: agwpe: handle_frame: port=0 kind=0x59 from="KU0HN" to="KU0HN-10" len=0
Sep 24 19:28:59 CarKit tncd[142431]: agwpe: 'Y' query "KU0HN"<->"KU0HN-10": outstanding=2
Sep 24 19:28:59 CarKit tncd[142431]: agwpe: handle_frame: port=0 kind=0x59 from="KU0HN" to="KU0HN-10" len=0
Sep 24 19:28:59 CarKit tncd[142431]: agwpe: 'Y' query "KU0HN"<->"KU0HN-10": outstanding=2
Sep 24 19:28:59 CarKit tncd[142431]: agwpe: handle_frame: port=0 kind=0x44 from="KU0HN" to="KU0HN-10" len=114
Sep 24 19:28:59 CarKit tncd[142431]: agwpe: handle_frame: port=0 kind=0x59 from="KU0HN" to="KU0HN-10" len=0
Sep 24 19:28:59 CarKit tncd[142431]: agwpe: 'Y' query "KU0HN"<->"KU0HN-10": outstanding=3
Sep 24 19:28:59 CarKit tncd[142431]: agwpe: handle_frame: port=0 kind=0x59 from="KU0HN" to="KU0HN-10" len=0
Sep 24 19:28:59 CarKit tncd[142431]: agwpe: 'Y' query "KU0HN"<->"KU0HN-10": outstanding=3
Sep 24 19:28:59 CarKit tncd[142431]: agwpe: handle_frame: port=0 kind=0x44 from="KU0HN" to="KU0HN-10" len=2
Sep 24 19:28:59 CarKit tncd[142431]: agwpe: handle_frame: port=0 kind=0x59 from="KU0HN" to="KU0HN-10" len=0
Sep 24 19:28:59 CarKit tncd[142431]: agwpe: 'Y' query "KU0HN"<->"KU0HN-10": outstanding=4
Sep 24 19:28:59 CarKit tncd[142431]: agwpe: handle_frame: port=0 kind=0x59 from="KU0HN" to="KU0HN-10" len=0
Sep 24 19:28:59 CarKit tncd[142431]: agwpe: 'Y' query "KU0HN"<->"KU0HN-10": outstanding=4
Sep 24 19:28:59 CarKit tncd[142431]: agwpe: handle_frame: port=0 kind=0x59 from="KU0HN" to="KU0HN-10" len=0
Sep 24 19:28:59 CarKit tncd[142431]: agwpe: 'Y' query "KU0HN"<->"KU0HN-10": outstanding=4
Sep 24 19:28:59 CarKit tncd[142431]: agwpe: handle_frame: port=0 kind=0x59 from="KU0HN" to="KU0HN-10" len=0
Sep 24 19:28:59 CarKit tncd[142431]: agwpe: 'Y' query "KU0HN"<->"KU0HN-10": outstanding=4
Sep 24 19:28:59 CarKit tncd[142431]: agwpe: handle_frame: port=0 kind=0x59 from="KU0HN" to="KU0HN-10" len=0
Sep 24 19:28:59 CarKit tncd[142431]: agwpe: 'Y' query "KU0HN"<->"KU0HN-10": outstanding=4
Sep 24 19:29:00 CarKit tncd[142431]: agwpe: handle_frame: port=0 kind=0x59 from="KU0HN" to="KU0HN-10" len=0
Sep 24 19:29:00 CarKit tncd[142431]: agwpe: 'Y' query "KU0HN"<->"KU0HN-10": outstanding=4
Sep 24 19:29:00 CarKit tncd[142431]: agwpe: handle_frame: port=0 kind=0x59 from="KU0HN" to="KU0HN-10" len=0
Sep 24 19:29:00 CarKit tncd[142431]: agwpe: 'Y' query "KU0HN"<->"KU0HN-10": outstanding=4
Sep 24 19:29:00 CarKit tncd[142431]: agwpe: handle_frame: port=0 kind=0x59 from="KU0HN" to="KU0HN-10" len=0
Sep 24 19:29:00 CarKit tncd[142431]: agwpe: 'Y' query "KU0HN"<->"KU0HN-10": outstanding=4
Sep 24 19:29:00 CarKit tncd[142431]: agwpe: handle_frame: port=0 kind=0x59 from="KU0HN" to="KU0HN-10" len=0
Sep 24 19:29:00 CarKit tncd[142431]: agwpe: 'Y' query "KU0HN"<->"KU0HN-10": outstanding=4
Sep 24 19:29:00 CarKit tncd[142431]: agwpe: handle_frame: port=0 kind=0x59 from="KU0HN" to="KU0HN-10" len=0
Sep 24 19:29:00 CarKit tncd[142431]: agwpe: 'Y' query "KU0HN"<->"KU0HN-10": outstanding=4
Sep 24 19:29:01 CarKit tncd[142431]: agwpe: handle_frame: port=0 kind=0x59 from="KU0HN" to="KU0HN-10" len=0
Sep 24 19:29:01 CarKit tncd[142431]: agwpe: 'Y' query "KU0HN"<->"KU0HN-10": outstanding=4
Sep 24 19:29:01 CarKit tncd[142431]: agwpe: handle_frame: port=0 kind=0x59 from="KU0HN" to="KU0HN-10" len=0
Sep 24 19:29:01 CarKit tncd[142431]: agwpe: 'Y' query "KU0HN"<->"KU0HN-10": outstanding=4
Sep 24 19:29:01 CarKit tncd[142431]: agwpe: handle_frame: port=0 kind=0x59 from="KU0HN" to="KU0HN-10" len=0
Sep 24 19:29:01 CarKit tncd[142431]: agwpe: 'Y' query "KU0HN"<->"KU0HN-10": outstanding=4
Sep 24 19:29:01 CarKit tncd[142431]: agwpe: handle_frame: port=0 kind=0x59 from="KU0HN" to="KU0HN-10" len=0
Sep 24 19:29:01 CarKit tncd[142431]: agwpe: 'Y' query "KU0HN"<->"KU0HN-10": outstanding=4
Sep 24 19:29:01 CarKit tncd[142431]: agwpe: handle_frame: port=0 kind=0x59 from="KU0HN" to="KU0HN-10" len=0
Sep 24 19:29:01 CarKit tncd[142431]: agwpe: 'Y' query "KU0HN"<->"KU0HN-10": outstanding=4
Sep 24 19:29:02 CarKit tncd[142431]: agwpe: handle_frame: port=0 kind=0x59 from="KU0HN" to="KU0HN-10" len=0
Sep 24 19:29:02 CarKit tncd[142431]: agwpe: 'Y' query "KU0HN"<->"KU0HN-10": outstanding=4
Sep 24 19:29:02 CarKit tncd[142431]: agwpe: handle_frame: port=0 kind=0x59 from="KU0HN" to="KU0HN-10" len=0
Sep 24 19:29:02 CarKit tncd[142431]: agwpe: 'Y' query "KU0HN"<->"KU0HN-10": outstanding=4
Sep 24 19:29:02 CarKit tncd[142431]: agwpe: handle_frame: port=0 kind=0x59 from="KU0HN" to="KU0HN-10" len=0
Sep 24 19:29:02 CarKit tncd[142431]: agwpe: 'Y' query "KU0HN"<->"KU0HN-10": outstanding=4
Sep 24 19:29:02 CarKit tncd[142431]: agwpe: handle_frame: port=0 kind=0x59 from="KU0HN" to="KU0HN-10" len=0
Sep 24 19:29:02 CarKit tncd[142431]: agwpe: 'Y' query "KU0HN"<->"KU0HN-10": outstanding=4
Sep 24 19:29:02 CarKit tncd[142431]: agwpe: handle_frame: port=0 kind=0x59 from="KU0HN" to="KU0HN-10" len=0
Sep 24 19:29:02 CarKit tncd[142431]: agwpe: 'Y' query "KU0HN"<->"KU0HN-10": outstanding=4
Sep 24 19:29:03 CarKit tncd[142431]: agwpe: handle_frame: port=0 kind=0x59 from="KU0HN" to="KU0HN-10" len=0
Sep 24 19:29:03 CarKit tncd[142431]: agwpe: 'Y' query "KU0HN"<->"KU0HN-10": outstanding=4
Sep 24 19:29:03 CarKit tncd[142431]: agwpe: handle_frame: port=0 kind=0x59 from="KU0HN" to="KU0HN-10" len=0
Sep 24 19:29:03 CarKit tncd[142431]: agwpe: 'Y' query "KU0HN"<->"KU0HN-10": outstanding=4
Sep 24 19:29:03 CarKit tncd[142431]: agwpe: handle_frame: port=0 kind=0x59 from="KU0HN" to="KU0HN-10" len=0
Sep 24 19:29:03 CarKit tncd[142431]: agwpe: 'Y' query "KU0HN"<->"KU0HN-10": outstanding=4
Sep 24 19:29:03 CarKit tncd[142431]: agwpe: handle_frame: port=0 kind=0x59 from="KU0HN" to="KU0HN-10" len=0
Sep 24 19:29:03 CarKit tncd[142431]: agwpe: 'Y' query "KU0HN"<->"KU0HN-10": outstanding=4
Sep 24 19:29:03 CarKit tncd[142431]: agwpe: handle_frame: port=0 kind=0x59 from="KU0HN" to="KU0HN-10" len=0
Sep 24 19:29:03 CarKit tncd[142431]: agwpe: 'Y' query "KU0HN"<->"KU0HN-10": outstanding=4
Sep 24 19:29:04 CarKit tncd[142431]: agwpe: handle_frame: port=0 kind=0x59 from="KU0HN" to="KU0HN-10" len=0
Sep 24 19:29:04 CarKit tncd[142431]: agwpe: 'Y' query "KU0HN"<->"KU0HN-10": outstanding=4
Sep 24 19:29:04 CarKit tncd[142431]: agwpe: handle_frame: port=0 kind=0x59 from="KU0HN" to="KU0HN-10" len=0
Sep 24 19:29:04 CarKit tncd[142431]: agwpe: 'Y' query "KU0HN"<->"KU0HN-10": outstanding=4
Sep 24 19:29:04 CarKit tncd[142431]: agwpe: handle_frame: port=0 kind=0x59 from="KU0HN" to="KU0HN-10" len=0
Sep 24 19:29:04 CarKit tncd[142431]: agwpe: 'Y' query "KU0HN"<->"KU0HN-10": outstanding=4
Sep 24 19:29:04 CarKit tncd[142431]: agwpe: handle_frame: port=0 kind=0x59 from="KU0HN" to="KU0HN-10" len=0
Sep 24 19:29:04 CarKit tncd[142431]: agwpe: 'Y' query "KU0HN"<->"KU0HN-10": outstanding=4
Sep 24 19:29:04 CarKit tncd[142431]: agwpe: handle_frame: port=0 kind=0x59 from="KU0HN" to="KU0HN-10" len=0
Sep 24 19:29:04 CarKit tncd[142431]: agwpe: 'Y' query "KU0HN"<->"KU0HN-10": outstanding=4
Sep 24 19:29:05 CarKit tncd[142431]: agwpe: handle_frame: port=0 kind=0x59 from="KU0HN" to="KU0HN-10" len=0
Sep 24 19:29:05 CarKit tncd[142431]: agwpe: 'Y' query "KU0HN"<->"KU0HN-10": outstanding=4
Sep 24 19:29:05 CarKit tncd[142431]: agwpe: handle_frame: port=0 kind=0x59 from="KU0HN" to="KU0HN-10" len=0
Sep 24 19:29:05 CarKit tncd[142431]: agwpe: 'Y' query "KU0HN"<->"KU0HN-10": outstanding=4
Sep 24 19:29:05 CarKit tncd[142431]: agwpe: handle_frame: port=0 kind=0x59 from="KU0HN" to="KU0HN-10" len=0
Sep 24 19:29:05 CarKit tncd[142431]: agwpe: 'Y' query "KU0HN"<->"KU0HN-10": outstanding=3
Sep 24 19:29:05 CarKit tncd[142431]: agwpe: handle_frame: port=0 kind=0x59 from="KU0HN" to="KU0HN-10" len=0
Sep 24 19:29:05 CarKit tncd[142431]: agwpe: 'Y' query "KU0HN"<->"KU0HN-10": outstanding=1
Sep 24 19:29:05 CarKit tncd[142431]: agwpe: handle_frame: port=0 kind=0x59 from="KU0HN" to="KU0HN-10" len=0
Sep 24 19:29:05 CarKit tncd[142431]: agwpe: 'Y' query "KU0HN"<->"KU0HN-10": outstanding=1
Sep 24 19:29:06 CarKit tncd[142431]: agwpe: handle_frame: port=0 kind=0x59 from="KU0HN" to="KU0HN-10" len=0
Sep 24 19:29:06 CarKit tncd[142431]: agwpe: 'Y' query "KU0HN"<->"KU0HN-10": outstanding=1
Sep 24 19:29:06 CarKit tncd[142431]: agwpe: handle_frame: port=0 kind=0x59 from="KU0HN" to="KU0HN-10" len=0
Sep 24 19:29:06 CarKit tncd[142431]: agwpe: 'Y' query "KU0HN"<->"KU0HN-10": outstanding=1
Sep 24 19:29:06 CarKit tncd[142431]: agwpe: handle_frame: port=0 kind=0x59 from="KU0HN" to="KU0HN-10" len=0
Sep 24 19:29:06 CarKit tncd[142431]: agwpe: 'Y' query "KU0HN"<->"KU0HN-10": outstanding=1
Sep 24 19:29:06 CarKit tncd[142431]: agwpe: handle_frame: port=0 kind=0x59 from="KU0HN" to="KU0HN-10" len=0
Sep 24 19:29:06 CarKit tncd[142431]: agwpe: 'Y' query "KU0HN"<->"KU0HN-10": outstanding=1
Sep 24 19:29:06 CarKit tncd[142431]: agwpe: handle_frame: port=0 kind=0x59 from="KU0HN" to="KU0HN-10" len=0
Sep 24 19:29:06 CarKit tncd[142431]: agwpe: 'Y' query "KU0HN"<->"KU0HN-10": outstanding=1
Sep 24 19:29:07 CarKit tncd[142431]: agwpe: handle_frame: port=0 kind=0x59 from="KU0HN" to="KU0HN-10" len=0
Sep 24 19:29:07 CarKit tncd[142431]: agwpe: 'Y' query "KU0HN"<->"KU0HN-10": outstanding=1
Sep 24 19:29:07 CarKit tncd[142431]: agwpe: handle_frame: port=0 kind=0x59 from="KU0HN" to="KU0HN-10" len=0
Sep 24 19:29:07 CarKit tncd[142431]: agwpe: 'Y' query "KU0HN"<->"KU0HN-10": outstanding=1
Sep 24 19:29:07 CarKit tncd[142431]: agwpe: handle_frame: port=0 kind=0x59 from="KU0HN" to="KU0HN-10" len=0
Sep 24 19:29:07 CarKit tncd[142431]: agwpe: 'Y' query "KU0HN"<->"KU0HN-10": outstanding=1
Sep 24 19:29:07 CarKit tncd[142431]: agwpe: handle_frame: port=0 kind=0x59 from="KU0HN" to="KU0HN-10" len=0
Sep 24 19:29:07 CarKit tncd[142431]: agwpe: 'Y' query "KU0HN"<->"KU0HN-10": outstanding=1
Sep 24 19:29:07 CarKit tncd[142431]: agwpe: handle_frame: port=0 kind=0x59 from="KU0HN" to="KU0HN-10" len=0
Sep 24 19:29:07 CarKit tncd[142431]: agwpe: 'Y' query "KU0HN"<->"KU0HN-10": outstanding=1
Sep 24 19:29:08 CarKit tncd[142431]: agwpe: handle_frame: port=0 kind=0x59 from="KU0HN" to="KU0HN-10" len=0
Sep 24 19:29:08 CarKit tncd[142431]: agwpe: 'Y' query "KU0HN"<->"KU0HN-10": outstanding=1
Sep 24 19:29:08 CarKit tncd[142431]: agwpe: handle_frame: port=0 kind=0x59 from="KU0HN" to="KU0HN-10" len=0
Sep 24 19:29:08 CarKit tncd[142431]: agwpe: 'Y' query "KU0HN"<->"KU0HN-10": outstanding=1
Sep 24 19:29:08 CarKit tncd[142431]: agwpe: handle_frame: port=0 kind=0x59 from="KU0HN" to="KU0HN-10" len=0
Sep 24 19:29:08 CarKit tncd[142431]: agwpe: 'Y' query "KU0HN"<->"KU0HN-10": outstanding=1
Sep 24 19:29:08 CarKit tncd[142431]: agwpe: handle_frame: port=0 kind=0x59 from="KU0HN" to="KU0HN-10" len=0
Sep 24 19:29:08 CarKit tncd[142431]: agwpe: 'Y' query "KU0HN"<->"KU0HN-10": outstanding=1
Sep 24 19:29:08 CarKit tncd[142431]: agwpe: handle_frame: port=0 kind=0x59 from="KU0HN" to="KU0HN-10" len=0
Sep 24 19:29:08 CarKit tncd[142431]: agwpe: 'Y' query "KU0HN"<->"KU0HN-10": outstanding=1
Sep 24 19:29:09 CarKit tncd[142431]: agwpe: handle_frame: port=0 kind=0x59 from="KU0HN" to="KU0HN-10" len=0
Sep 24 19:29:09 CarKit tncd[142431]: agwpe: 'Y' query "KU0HN"<->"KU0HN-10": outstanding=1
Sep 24 19:29:09 CarKit tncd[142431]: agwpe: handle_frame: port=0 kind=0x59 from="KU0HN" to="KU0HN-10" len=0
Sep 24 19:29:09 CarKit tncd[142431]: agwpe: 'Y' query "KU0HN"<->"KU0HN-10": outstanding=1
Sep 24 19:29:09 CarKit tncd[142431]: agwpe: handle_frame: port=0 kind=0x59 from="KU0HN" to="KU0HN-10" len=0
Sep 24 19:29:09 CarKit tncd[142431]: agwpe: 'Y' query "KU0HN"<->"KU0HN-10": outstanding=1
Sep 24 19:29:09 CarKit tncd[142431]: agwpe: handle_frame: port=0 kind=0x59 from="KU0HN" to="KU0HN-10" len=0
Sep 24 19:29:09 CarKit tncd[142431]: agwpe: 'Y' query "KU0HN"<->"KU0HN-10": outstanding=1
Sep 24 19:29:09 CarKit tncd[142431]: agwpe: handle_frame: port=0 kind=0x59 from="KU0HN" to="KU0HN-10" len=0
Sep 24 19:29:09 CarKit tncd[142431]: agwpe: 'Y' query "KU0HN"<->"KU0HN-10": outstanding=1
Sep 24 19:29:10 CarKit tncd[142431]: agwpe: handle_frame: port=0 kind=0x59 from="KU0HN" to="KU0HN-10" len=0
Sep 24 19:29:10 CarKit tncd[142431]: agwpe: 'Y' query "KU0HN"<->"KU0HN-10": outstanding=1
Sep 24 19:29:10 CarKit tncd[142431]: agwpe: handle_frame: port=0 kind=0x59 from="KU0HN" to="KU0HN-10" len=0
Sep 24 19:29:10 CarKit tncd[142431]: agwpe: 'Y' query "KU0HN"<->"KU0HN-10": outstanding=1
Sep 24 19:29:10 CarKit tncd[142431]: agwpe: handle_frame: port=0 kind=0x59 from="KU0HN" to="KU0HN-10" len=0
Sep 24 19:29:10 CarKit tncd[142431]: agwpe: 'Y' query "KU0HN"<->"KU0HN-10": outstanding=1
Sep 24 19:29:10 CarKit tncd[142431]: agwpe: handle_frame: port=0 kind=0x59 from="KU0HN" to="KU0HN-10" len=0
Sep 24 19:29:10 CarKit tncd[142431]: agwpe: 'Y' query "KU0HN"<->"KU0HN-10": outstanding=1
Sep 24 19:29:10 CarKit tncd[142431]: agwpe: handle_frame: port=0 kind=0x59 from="KU0HN" to="KU0HN-10" len=0
Sep 24 19:29:10 CarKit tncd[142431]: agwpe: 'Y' query "KU0HN"<->"KU0HN-10": outstanding=1
Sep 24 19:29:11 CarKit tncd[142431]: agwpe: handle_frame: port=0 kind=0x59 from="KU0HN" to="KU0HN-10" len=0
Sep 24 19:29:11 CarKit tncd[142431]: agwpe: 'Y' query "KU0HN"<->"KU0HN-10": outstanding=1
Sep 24 19:29:11 CarKit tncd[142431]: agwpe: handle_frame: port=0 kind=0x59 from="KU0HN" to="KU0HN-10" len=0
Sep 24 19:29:11 CarKit tncd[142431]: agwpe: 'Y' query "KU0HN"<->"KU0HN-10": outstanding=1
Sep 24 19:29:11 CarKit tncd[142431]: agwpe: handle_frame: port=0 kind=0x59 from="KU0HN" to="KU0HN-10" len=0
Sep 24 19:29:11 CarKit tncd[142431]: agwpe: 'Y' query "KU0HN"<->"KU0HN-10": outstanding=1
Sep 24 19:29:11 CarKit tncd[142431]: agwpe: handle_frame: port=0 kind=0x59 from="KU0HN" to="KU0HN-10" len=0
Sep 24 19:29:11 CarKit tncd[142431]: agwpe: 'Y' query "KU0HN"<->"KU0HN-10": outstanding=1
Sep 24 19:29:11 CarKit tncd[142431]: agwpe: handle_frame: port=0 kind=0x59 from="KU0HN" to="KU0HN-10" len=0
Sep 24 19:29:11 CarKit tncd[142431]: agwpe: 'Y' query "KU0HN"<->"KU0HN-10": outstanding=1
Sep 24 19:29:12 CarKit tncd[142431]: agwpe: handle_frame: port=0 kind=0x59 from="KU0HN" to="KU0HN-10" len=0
Sep 24 19:29:12 CarKit tncd[142431]: agwpe: 'Y' query "KU0HN"<->"KU0HN-10": outstanding=1
Sep 24 19:29:12 CarKit tncd[142431]: agwpe: handle_frame: port=0 kind=0x59 from="KU0HN" to="KU0HN-10" len=0
Sep 24 19:29:12 CarKit tncd[142431]: agwpe: 'Y' query "KU0HN"<->"KU0HN-10": outstanding=1
Sep 24 19:29:12 CarKit tncd[142431]: agwpe: handle_frame: port=0 kind=0x59 from="KU0HN" to="KU0HN-10" len=0
Sep 24 19:29:12 CarKit tncd[142431]: agwpe: 'Y' query "KU0HN"<->"KU0HN-10": outstanding=1
Sep 24 19:29:12 CarKit tncd[142431]: agwpe: handle_frame: port=0 kind=0x59 from="KU0HN" to="KU0HN-10" len=0
Sep 24 19:29:12 CarKit tncd[142431]: agwpe: 'Y' query "KU0HN"<->"KU0HN-10": outstanding=1
Sep 24 19:29:12 CarKit tncd[142431]: agwpe: handle_frame: port=0 kind=0x59 from="KU0HN" to="KU0HN-10" len=0
Sep 24 19:29:12 CarKit tncd[142431]: agwpe: 'Y' query "KU0HN"<->"KU0HN-10": outstanding=1
Sep 24 19:29:13 CarKit tncd[142431]: agwpe: handle_frame: port=0 kind=0x59 from="KU0HN" to="KU0HN-10" len=0
Sep 24 19:29:13 CarKit tncd[142431]: agwpe: 'Y' query "KU0HN"<->"KU0HN-10": outstanding=1
Sep 24 19:29:13 CarKit tncd[142431]: agwpe: handle_frame: port=0 kind=0x59 from="KU0HN" to="KU0HN-10" len=0
Sep 24 19:29:13 CarKit tncd[142431]: agwpe: 'Y' query "KU0HN"<->"KU0HN-10": outstanding=1
Sep 24 19:29:13 CarKit tncd[142431]: agwpe: handle_frame: port=0 kind=0x59 from="KU0HN" to="KU0HN-10" len=0
Sep 24 19:29:13 CarKit tncd[142431]: agwpe: 'Y' query "KU0HN"<->"KU0HN-10": outstanding=1
Sep 24 19:29:13 CarKit tncd[142431]: agwpe: handle_frame: port=0 kind=0x59 from="KU0HN" to="KU0HN-10" len=0
Sep 24 19:29:13 CarKit tncd[142431]: agwpe: 'Y' query "KU0HN"<->"KU0HN-10": outstanding=1
Sep 24 19:29:13 CarKit tncd[142431]: agwpe: handle_frame: port=0 kind=0x59 from="KU0HN" to="KU0HN-10" len=0
Sep 24 19:29:13 CarKit tncd[142431]: agwpe: 'Y' query "KU0HN"<->"KU0HN-10": outstanding=1
Sep 24 19:29:14 CarKit tncd[142431]: agwpe: handle_frame: port=0 kind=0x59 from="KU0HN" to="KU0HN-10" len=0
Sep 24 19:29:14 CarKit tncd[142431]: agwpe: 'Y' query "KU0HN"<->"KU0HN-10": outstanding=1
Sep 24 19:29:14 CarKit tncd[142431]: agwpe: handle_frame: port=0 kind=0x59 from="KU0HN" to="KU0HN-10" len=0
Sep 24 19:29:14 CarKit tncd[142431]: agwpe: 'Y' query "KU0HN"<->"KU0HN-10": outstanding=1
Sep 24 19:29:14 CarKit tncd[142431]: agwpe: handle_frame: port=0 kind=0x59 from="KU0HN" to="KU0HN-10" len=0
Sep 24 19:29:14 CarKit tncd[142431]: agwpe: 'Y' query "KU0HN"<->"KU0HN-10": outstanding=1
Sep 24 19:29:14 CarKit tncd[142431]: agwpe: handle_frame: port=0 kind=0x59 from="KU0HN" to="KU0HN-10" len=0
Sep 24 19:29:14 CarKit tncd[142431]: agwpe: 'Y' query "KU0HN"<->"KU0HN-10": outstanding=1
Sep 24 19:29:14 CarKit tncd[142431]: agwpe: handle_frame: port=0 kind=0x59 from="KU0HN" to="KU0HN-10" len=0
Sep 24 19:29:14 CarKit tncd[142431]: agwpe: 'Y' query "KU0HN"<->"KU0HN-10": outstanding=1
Sep 24 19:29:15 CarKit tncd[142431]: agwpe: handle_frame: port=0 kind=0x59 from="KU0HN" to="KU0HN-10" len=0
Sep 24 19:29:15 CarKit tncd[142431]: agwpe: 'Y' query "KU0HN"<->"KU0HN-10": outstanding=1
Sep 24 19:29:15 CarKit tncd[142431]: agwpe: handle_frame: port=0 kind=0x59 from="KU0HN" to="KU0HN-10" len=0
Sep 24 19:29:15 CarKit tncd[142431]: agwpe: 'Y' query "KU0HN"<->"KU0HN-10": outstanding=1
Sep 24 19:29:15 CarKit tncd[142431]: agwpe: handle_frame: port=0 kind=0x59 from="KU0HN" to="KU0HN-10" len=0
Sep 24 19:29:15 CarKit tncd[142431]: agwpe: 'Y' query "KU0HN"<->"KU0HN-10": outstanding=1
Sep 24 19:29:15 CarKit tncd[142431]: agwpe: handle_frame: port=0 kind=0x59 from="KU0HN" to="KU0HN-10" len=0
Sep 24 19:29:15 CarKit tncd[142431]: agwpe: 'Y' query "KU0HN"<->"KU0HN-10": outstanding=1
Sep 24 19:29:15 CarKit tncd[142431]: agwpe: handle_frame: port=0 kind=0x59 from="KU0HN" to="KU0HN-10" len=0
Sep 24 19:29:15 CarKit tncd[142431]: agwpe: 'Y' query "KU0HN"<->"KU0HN-10": outstanding=1
Sep 24 19:29:16 CarKit tncd[142431]: agwpe: handle_frame: port=0 kind=0x59 from="KU0HN" to="KU0HN-10" len=0
Sep 24 19:29:16 CarKit tncd[142431]: agwpe: 'Y' query "KU0HN"<->"KU0HN-10": outstanding=1
Sep 24 19:29:16 CarKit tncd[142431]: agwpe: handle_frame: port=0 kind=0x59 from="KU0HN" to="KU0HN-10" len=0
Sep 24 19:29:16 CarKit tncd[142431]: agwpe: 'Y' query "KU0HN"<->"KU0HN-10": outstanding=1
Sep 24 19:29:16 CarKit tncd[142431]: agwpe: handle_frame: port=0 kind=0x59 from="KU0HN" to="KU0HN-10" len=0
Sep 24 19:29:16 CarKit tncd[142431]: agwpe: 'Y' query "KU0HN"<->"KU0HN-10": outstanding=1
Sep 24 19:29:16 CarKit tncd[142431]: agwpe: handle_frame: port=0 kind=0x59 from="KU0HN" to="KU0HN-10" len=0
Sep 24 19:29:16 CarKit tncd[142431]: agwpe: 'Y' query "KU0HN"<->"KU0HN-10": outstanding=1
Sep 24 19:29:16 CarKit tncd[142431]: agwpe: handle_frame: port=0 kind=0x59 from="KU0HN" to="KU0HN-10" len=0
Sep 24 19:29:16 CarKit tncd[142431]: agwpe: 'Y' query "KU0HN"<->"KU0HN-10": outstanding=1
Sep 24 19:29:17 CarKit tncd[142431]: agwpe: handle_frame: port=0 kind=0x59 from="KU0HN" to="KU0HN-10" len=0
Sep 24 19:29:17 CarKit tncd[142431]: agwpe: 'Y' query "KU0HN"<->"KU0HN-10": outstanding=1
Sep 24 19:29:17 CarKit tncd[142431]: agwpe: handle_frame: port=0 kind=0x59 from="KU0HN" to="KU0HN-10" len=0
Sep 24 19:29:17 CarKit tncd[142431]: agwpe: 'Y' query "KU0HN"<->"KU0HN-10": outstanding=1
Sep 24 19:29:17 CarKit tncd[142431]: agwpe: handle_frame: port=0 kind=0x59 from="KU0HN" to="KU0HN-10" len=0
Sep 24 19:29:17 CarKit tncd[142431]: agwpe: 'Y' query "KU0HN"<->"KU0HN-10": outstanding=1
Sep 24 19:29:17 CarKit tncd[142431]: agwpe: handle_frame: port=0 kind=0x59 from="KU0HN" to="KU0HN-10" len=0
Sep 24 19:29:17 CarKit tncd[142431]: agwpe: 'Y' query "KU0HN"<->"KU0HN-10": outstanding=1
Sep 24 19:29:17 CarKit tncd[142431]: agwpe: handle_frame: port=0 kind=0x59 from="KU0HN" to="KU0HN-10" len=0
Sep 24 19:29:17 CarKit tncd[142431]: agwpe: 'Y' query "KU0HN"<->"KU0HN-10": outstanding=1
Sep 24 19:29:18 CarKit tncd[142431]: agwpe: handle_frame: port=0 kind=0x59 from="KU0HN" to="KU0HN-10" len=0
Sep 24 19:29:18 CarKit tncd[142431]: agwpe: 'Y' query "KU0HN"<->"KU0HN-10": outstanding=1
Sep 24 19:29:18 CarKit tncd[142431]: agwpe: handle_frame: port=0 kind=0x59 from="KU0HN" to="KU0HN-10" len=0
Sep 24 19:29:18 CarKit tncd[142431]: agwpe: 'Y' query "KU0HN"<->"KU0HN-10": outstanding=1
Sep 24 19:29:18 CarKit tncd[142431]: agwpe: handle_frame: port=0 kind=0x59 from="KU0HN" to="KU0HN-10" len=0
Sep 24 19:29:18 CarKit tncd[142431]: agwpe: 'Y' query "KU0HN"<->"KU0HN-10": outstanding=1
Sep 24 19:29:18 CarKit tncd[142431]: agwpe: handle_frame: port=0 kind=0x59 from="KU0HN" to="KU0HN-10" len=0
Sep 24 19:29:18 CarKit tncd[142431]: agwpe: 'Y' query "KU0HN"<->"KU0HN-10": outstanding=1
Sep 24 19:29:18 CarKit tncd[142431]: agwpe: handle_frame: port=0 kind=0x59 from="KU0HN" to="KU0HN-10" len=0
Sep 24 19:29:18 CarKit tncd[142431]: agwpe: 'Y' query "KU0HN"<->"KU0HN-10": outstanding=1
Sep 24 19:29:19 CarKit tncd[142431]: agwpe: handle_frame: port=0 kind=0x59 from="KU0HN" to="KU0HN-10" len=0
Sep 24 19:29:19 CarKit tncd[142431]: agwpe: 'Y' query "KU0HN"<->"KU0HN-10": outstanding=1
Sep 24 19:29:19 CarKit tncd[142431]: agwpe: handle_frame: port=0 kind=0x59 from="KU0HN" to="KU0HN-10" len=0
Sep 24 19:29:19 CarKit tncd[142431]: agwpe: 'Y' query "KU0HN"<->"KU0HN-10": outstanding=1
Sep 24 19:29:19 CarKit tncd[142431]: agwpe: handle_frame: port=0 kind=0x59 from="KU0HN" to="KU0HN-10" len=0
Sep 24 19:29:19 CarKit tncd[142431]: agwpe: 'Y' query "KU0HN"<->"KU0HN-10": outstanding=1
Sep 24 19:29:19 CarKit tncd[142431]: agwpe: handle_frame: port=0 kind=0x59 from="KU0HN" to="KU0HN-10" len=0
Sep 24 19:29:19 CarKit tncd[142431]: agwpe: 'Y' query "KU0HN"<->"KU0HN-10": outstanding=1
Sep 24 19:29:19 CarKit tncd[142431]: agwpe: handle_frame: port=0 kind=0x59 from="KU0HN" to="KU0HN-10" len=0
Sep 24 19:29:19 CarKit tncd[142431]: agwpe: 'Y' query "KU0HN"<->"KU0HN-10": outstanding=1
Sep 24 19:29:20 CarKit tncd[142431]: agwpe: handle_frame: port=0 kind=0x59 from="KU0HN" to="KU0HN-10" len=0
Sep 24 19:29:20 CarKit tncd[142431]: agwpe: 'Y' query "KU0HN"<->"KU0HN-10": outstanding=1
Sep 24 19:29:20 CarKit tncd[142431]: agwpe: handle_frame: port=0 kind=0x59 from="KU0HN" to="KU0HN-10" len=0
Sep 24 19:29:20 CarKit tncd[142431]: agwpe: 'Y' query "KU0HN"<->"KU0HN-10": outstanding=1
Sep 24 19:29:20 CarKit tncd[142431]: agwpe: handle_frame: port=0 kind=0x59 from="KU0HN" to="KU0HN-10" len=0
Sep 24 19:29:20 CarKit tncd[142431]: agwpe: 'Y' query "KU0HN"<->"KU0HN-10": outstanding=1
Sep 24 19:29:20 CarKit tncd[142431]: agwpe: handle_frame: port=0 kind=0x59 from="KU0HN" to="KU0HN-10" len=0
Sep 24 19:29:20 CarKit tncd[142431]: agwpe: 'Y' query "KU0HN"<->"KU0HN-10": outstanding=1
Sep 24 19:29:20 CarKit tncd[142431]: agwpe: handle_frame: port=0 kind=0x59 from="KU0HN" to="KU0HN-10" len=0
Sep 24 19:29:20 CarKit tncd[142431]: agwpe: 'Y' query "KU0HN"<->"KU0HN-10": outstanding=1
Sep 24 19:29:21 CarKit tncd[142431]: agwpe: handle_frame: port=0 kind=0x59 from="KU0HN" to="KU0HN-10" len=0
Sep 24 19:29:21 CarKit tncd[142431]: agwpe: 'Y' query "KU0HN"<->"KU0HN-10": outstanding=1
Sep 24 19:29:21 CarKit tncd[142431]: agwpe: handle_frame: port=0 kind=0x59 from="KU0HN" to="KU0HN-10" len=0
Sep 24 19:29:21 CarKit tncd[142431]: agwpe: 'Y' query "KU0HN"<->"KU0HN-10": outstanding=1
Sep 24 19:29:21 CarKit tncd[142431]: agwpe: handle_frame: port=0 kind=0x59 from="KU0HN" to="KU0HN-10" len=0
Sep 24 19:29:21 CarKit tncd[142431]: agwpe: 'Y' query "KU0HN"<->"KU0HN-10": outstanding=1
Sep 24 19:29:21 CarKit tncd[142431]: agwpe: handle_frame: port=0 kind=0x59 from="KU0HN" to="KU0HN-10" len=0
Sep 24 19:29:21 CarKit tncd[142431]: agwpe: 'Y' query "KU0HN"<->"KU0HN-10": outstanding=1
Sep 24 19:29:21 CarKit tncd[142431]: agwpe: handle_frame: port=0 kind=0x59 from="KU0HN" to="KU0HN-10" len=0
Sep 24 19:29:21 CarKit tncd[142431]: agwpe: 'Y' query "KU0HN"<->"KU0HN-10": outstanding=1
Sep 24 19:29:22 CarKit tncd[142431]: agwpe: handle_frame: port=0 kind=0x59 from="KU0HN" to="KU0HN-10" len=0
Sep 24 19:29:22 CarKit tncd[142431]: agwpe: 'Y' query "KU0HN"<->"KU0HN-10": outstanding=1
Sep 24 19:29:22 CarKit tncd[142431]: agwpe: handle_frame: port=0 kind=0x59 from="KU0HN" to="KU0HN-10" len=0
Sep 24 19:29:22 CarKit tncd[142431]: agwpe: 'Y' query "KU0HN"<->"KU0HN-10": outstanding=1
Sep 24 19:29:22 CarKit tncd[142431]: agwpe: handle_frame: port=0 kind=0x59 from="KU0HN" to="KU0HN-10" len=0
Sep 24 19:29:22 CarKit tncd[142431]: agwpe: 'Y' query "KU0HN"<->"KU0HN-10": outstanding=1
Sep 24 19:29:22 CarKit tncd[142431]: agwpe: handle_frame: port=0 kind=0x59 from="KU0HN" to="KU0HN-10" len=0
Sep 24 19:29:22 CarKit tncd[142431]: agwpe: 'Y' query "KU0HN"<->"KU0HN-10": outstanding=1
Sep 24 19:29:22 CarKit tncd[142431]: agwpe: handle_frame: port=0 kind=0x59 from="KU0HN" to="KU0HN-10" len=0
Sep 24 19:29:22 CarKit tncd[142431]: agwpe: 'Y' query "KU0HN"<->"KU0HN-10": outstanding=1
Sep 24 19:29:23 CarKit tncd[142431]: agwpe: handle_frame: port=0 kind=0x59 from="KU0HN" to="KU0HN-10" len=0
Sep 24 19:29:23 CarKit tncd[142431]: agwpe: 'Y' query "KU0HN"<->"KU0HN-10": outstanding=1
Sep 24 19:29:23 CarKit tncd[142431]: agwpe: handle_frame: port=0 kind=0x59 from="KU0HN" to="KU0HN-10" len=0
Sep 24 19:29:23 CarKit tncd[142431]: agwpe: 'Y' query "KU0HN"<->"KU0HN-10": outstanding=1
Sep 24 19:29:23 CarKit tncd[142431]: agwpe: handle_frame: port=0 kind=0x59 from="KU0HN" to="KU0HN-10" len=0
Sep 24 19:29:23 CarKit tncd[142431]: agwpe: 'Y' query "KU0HN"<->"KU0HN-10": outstanding=1
Sep 24 19:29:23 CarKit tncd[142431]: agwpe: handle_frame: port=0 kind=0x59 from="KU0HN" to="KU0HN-10" len=0
Sep 24 19:29:23 CarKit tncd[142431]: agwpe: 'Y' query "KU0HN"<->"KU0HN-10": outstanding=1
Sep 24 19:29:23 CarKit tncd[142431]: agwpe: handle_frame: port=0 kind=0x59 from="KU0HN" to="KU0HN-10" len=0
Sep 24 19:29:23 CarKit tncd[142431]: agwpe: 'Y' query "KU0HN"<->"KU0HN-10": outstanding=1
Sep 24 19:29:24 CarKit tncd[142431]: agwpe: handle_frame: port=0 kind=0x59 from="KU0HN" to="KU0HN-10" len=0
Sep 24 19:29:24 CarKit tncd[142431]: agwpe: 'Y' query "KU0HN"<->"KU0HN-10": outstanding=1
Sep 24 19:29:24 CarKit tncd[142431]: agwpe: handle_frame: port=0 kind=0x59 from="KU0HN" to="KU0HN-10" len=0
Sep 24 19:29:24 CarKit tncd[142431]: agwpe: 'Y' query "KU0HN"<->"KU0HN-10": outstanding=1
Sep 24 19:29:24 CarKit tncd[142431]: agwpe: handle_frame: port=0 kind=0x59 from="KU0HN" to="KU0HN-10" len=0
Sep 24 19:29:24 CarKit tncd[142431]: agwpe: 'Y' query "KU0HN"<->"KU0HN-10": outstanding=1
Sep 24 19:29:24 CarKit tncd[142431]: agwpe: handle_frame: port=0 kind=0x59 from="KU0HN" to="KU0HN-10" len=0
Sep 24 19:29:24 CarKit tncd[142431]: agwpe: 'Y' query "KU0HN"<->"KU0HN-10": outstanding=1
Sep 24 19:29:24 CarKit tncd[142431]: agwpe: handle_frame: port=0 kind=0x59 from="KU0HN" to="KU0HN-10" len=0
Sep 24 19:29:24 CarKit tncd[142431]: agwpe: 'Y' query "KU0HN"<->"KU0HN-10": outstanding=1
Sep 24 19:29:25 CarKit tncd[142431]: agwpe: handle_frame: port=0 kind=0x59 from="KU0HN" to="KU0HN-10" len=0
Sep 24 19:29:25 CarKit tncd[142431]: agwpe: 'Y' query "KU0HN"<->"KU0HN-10": outstanding=1
Sep 24 19:29:25 CarKit tncd[142431]: agwpe: handle_frame: port=0 kind=0x59 from="KU0HN" to="KU0HN-10" len=0
Sep 24 19:29:25 CarKit tncd[142431]: agwpe: 'Y' query "KU0HN"<->"KU0HN-10": outstanding=1
Sep 24 19:29:25 CarKit tncd[142431]: agwpe: handle_frame: port=0 kind=0x59 from="KU0HN" to="KU0HN-10" len=0
Sep 24 19:29:25 CarKit tncd[142431]: agwpe: 'Y' query "KU0HN"<->"KU0HN-10": outstanding=1
Sep 24 19:29:25 CarKit tncd[142431]: agwpe: handle_frame: port=0 kind=0x59 from="KU0HN" to="KU0HN-10" len=0
Sep 24 19:29:25 CarKit tncd[142431]: agwpe: 'Y' query "KU0HN"<->"KU0HN-10": outstanding=1
Sep 24 19:29:25 CarKit tncd[142431]: agwpe: handle_frame: port=0 kind=0x59 from="KU0HN" to="KU0HN-10" len=0
Sep 24 19:29:25 CarKit tncd[142431]: agwpe: 'Y' query "KU0HN"<->"KU0HN-10": outstanding=1
Sep 24 19:29:26 CarKit tncd[142431]: agwpe: handle_frame: port=0 kind=0x59 from="KU0HN" to="KU0HN-10" len=0
Sep 24 19:29:26 CarKit tncd[142431]: agwpe: 'Y' query "KU0HN"<->"KU0HN-10": outstanding=1
Sep 24 19:29:26 CarKit tncd[142431]: agwpe: handle_frame: port=0 kind=0x59 from="KU0HN" to="KU0HN-10" len=0
Sep 24 19:29:26 CarKit tncd[142431]: agwpe: 'Y' query "KU0HN"<->"KU0HN-10": outstanding=1
Sep 24 19:29:26 CarKit tncd[142431]: agwpe: handle_frame: port=0 kind=0x59 from="KU0HN" to="KU0HN-10" len=0
Sep 24 19:29:26 CarKit tncd[142431]: agwpe: 'Y' query "KU0HN"<->"KU0HN-10": outstanding=1
Sep 24 19:29:26 CarKit tncd[142431]: agwpe: handle_frame: port=0 kind=0x59 from="KU0HN" to="KU0HN-10" len=0
Sep 24 19:29:26 CarKit tncd[142431]: agwpe: 'Y' query "KU0HN"<->"KU0HN-10": outstanding=1
Sep 24 19:29:26 CarKit tncd[142431]: agwpe: handle_frame: port=0 kind=0x59 from="KU0HN" to="KU0HN-10" len=0
Sep 24 19:29:26 CarKit tncd[142431]: agwpe: 'Y' query "KU0HN"<->"KU0HN-10": outstanding=1
Sep 24 19:29:27 CarKit tncd[142431]: agwpe: handle_frame: port=0 kind=0x59 from="KU0HN" to="KU0HN-10" len=0
Sep 24 19:29:27 CarKit tncd[142431]: agwpe: 'Y' query "KU0HN"<->"KU0HN-10": outstanding=1
Sep 24 19:29:27 CarKit tncd[142431]: agwpe: handle_frame: port=0 kind=0x59 from="KU0HN" to="KU0HN-10" len=0
Sep 24 19:29:27 CarKit tncd[142431]: agwpe: 'Y' query "KU0HN"<->"KU0HN-10": outstanding=1
Sep 24 19:29:27 CarKit tncd[142431]: bluetooth: calling ConnectProfile on /org/bluez/hci0/dev_34_81_F4_AA_B3_D3
Sep 24 19:29:27 CarKit tncd[142431]: bluetooth: calling ConnectProfile on /org/bluez/hci0/dev_38_D2_00_01_52_8F
Sep 24 19:29:27 CarKit tncd[142431]: bridge: port 1 reconnect error: bluetooth: ConnectProfile: Method "ConnectProfile" with signature "s" on interface "org.bluez.Device1" doesn't exist
Sep 24 19:29:27 CarKit tncd[142431]: bridge: port 2 reconnect error: bluetooth: ConnectProfile: Method "ConnectProfile" with signature "s" on interface "org.bluez.Device1" doesn't exist
Sep 24 19:29:27 CarKit tncd[142431]: bridge: port 1 reconnect in 60.0s
Sep 24 19:29:27 CarKit tncd[142431]: bridge: port 2 reconnect in 60.0s
Sep 24 19:29:27 CarKit tncd[142431]: agwpe: handle_frame: port=0 kind=0x59 from="KU0HN" to="KU0HN-10" len=0
Sep 24 19:29:27 CarKit tncd[142431]: agwpe: 'Y' query "KU0HN"<->"KU0HN-10": outstanding=1
Sep 24 19:29:27 CarKit tncd[142431]: agwpe: handle_frame: port=0 kind=0x59 from="KU0HN" to="KU0HN-10" len=0
Sep 24 19:29:27 CarKit tncd[142431]: agwpe: 'Y' query "KU0HN"<->"KU0HN-10": outstanding=1
Sep 24 19:29:27 CarKit tncd[142431]: agwpe: handle_frame: port=0 kind=0x59 from="KU0HN" to="KU0HN-10" len=0
Sep 24 19:29:27 CarKit tncd[142431]: agwpe: 'Y' query "KU0HN"<->"KU0HN-10": outstanding=1
Sep 24 19:29:28 CarKit tncd[142431]: agwpe: handle_frame: port=0 kind=0x59 from="KU0HN" to="KU0HN-10" len=0
Sep 24 19:29:28 CarKit tncd[142431]: agwpe: 'Y' query "KU0HN"<->"KU0HN-10": outstanding=1
Sep 24 19:29:28 CarKit tncd[142431]: agwpe: handle_frame: port=0 kind=0x59 from="KU0HN" to="KU0HN-10" len=0
Sep 24 19:29:28 CarKit tncd[142431]: agwpe: 'Y' query "KU0HN"<->"KU0HN-10": outstanding=1
Sep 24 19:29:28 CarKit tncd[142431]: agwpe: handle_frame: port=0 kind=0x59 from="KU0HN" to="KU0HN-10" len=0
Sep 24 19:29:28 CarKit tncd[142431]: agwpe: 'Y' query "KU0HN"<->"KU0HN-10": outstanding=1
Sep 24 19:29:28 CarKit tncd[142431]: agwpe: handle_frame: port=0 kind=0x59 from="KU0HN" to="KU0HN-10" len=0
Sep 24 19:29:28 CarKit tncd[142431]: agwpe: 'Y' query "KU0HN"<->"KU0HN-10": outstanding=1
Sep 24 19:29:28 CarKit tncd[142431]: agwpe: handle_frame: port=0 kind=0x59 from="KU0HN" to="KU0HN-10" len=0
Sep 24 19:29:28 CarKit tncd[142431]: agwpe: 'Y' query "KU0HN"<->"KU0HN-10": outstanding=1
Sep 24 19:29:29 CarKit tncd[142431]: bridge: port 0 RX wedged -- 23s silence with unacked TX; relinking (keeping session)
Sep 24 19:29:29 CarKit tncd[142431]: agwpe: handle_frame: port=0 kind=0x59 from="KU0HN" to="KU0HN-10" len=0
Sep 24 19:29:29 CarKit tncd[142431]: agwpe: 'Y' query "KU0HN"<->"KU0HN-10": outstanding=1
Sep 24 19:29:29 CarKit tncd[142431]: agwpe: handle_frame: port=0 kind=0x59 from="KU0HN" to="KU0HN-10" len=0
Sep 24 19:29:29 CarKit tncd[142431]: agwpe: 'Y' query "KU0HN"<->"KU0HN-10": outstanding=1
Sep 24 19:29:29 CarKit tncd[142431]: agwpe: handle_frame: port=0 kind=0x59 from="KU0HN" to="KU0HN-10" len=0
Sep 24 19:29:29 CarKit tncd[142431]: agwpe: 'Y' query "KU0HN"<->"KU0HN-10": outstanding=1
Sep 24 19:29:29 CarKit tncd[142431]: agwpe: handle_frame: port=0 kind=0x59 from="KU0HN" to="KU0HN-10" len=0
Sep 24 19:29:29 CarKit tncd[142431]: agwpe: 'Y' query "KU0HN"<->"KU0HN-10": outstanding=1
Sep 24 19:29:29 CarKit tncd[142431]: agwpe: handle_frame: port=0 kind=0x59 from="KU0HN" to="KU0HN-10" len=0
Sep 24 19:29:29 CarKit tncd[142431]: agwpe: 'Y' query "KU0HN"<->"KU0HN-10": outstanding=1
Sep 24 19:29:30 CarKit tncd[142431]: agwpe: handle_frame: port=0 kind=0x59 from="KU0HN" to="KU0HN-10" len=0
Sep 24 19:29:30 CarKit tncd[142431]: agwpe: 'Y' query "KU0HN"<->"KU0HN-10": outstanding=1
Sep 24 19:29:30 CarKit tncd[142431]: agwpe: handle_frame: port=0 kind=0x59 from="KU0HN" to="KU0HN-10" len=0
Sep 24 19:29:30 CarKit tncd[142431]: agwpe: 'Y' query "KU0HN"<->"KU0HN-10": outstanding=1
Sep 24 19:29:30 CarKit tncd[142431]: agwpe: handle_frame: port=0 kind=0x59 from="KU0HN" to="KU0HN-10" len=0
Sep 24 19:29:30 CarKit tncd[142431]: agwpe: 'Y' query "KU0HN"<->"KU0HN-10": outstanding=1
Sep 24 19:29:30 CarKit tncd[142431]: agwpe: handle_frame: port=0 kind=0x59 from="KU0HN" to="KU0HN-10" len=0
Sep 24 19:29:30 CarKit tncd[142431]: agwpe: 'Y' query "KU0HN"<->"KU0HN-10": outstanding=1
Sep 24 19:29:30 CarKit tncd[142431]: agwpe: handle_frame: port=0 kind=0x59 from="KU0HN" to="KU0HN-10" len=0
Sep 24 19:29:30 CarKit tncd[142431]: agwpe: 'Y' query "KU0HN"<->"KU0HN-10": outstanding=1
Sep 24 19:29:31 CarKit tncd[142431]: bluetooth: 38:D2:00:01:67:9D already connected, disconnecting first
Sep 24 19:29:31 CarKit tncd[142431]: bluetooth: RequestDisconnection: /org/bluez/hci0/dev_38_D2_00_01_67_9D
Sep 24 19:29:31 CarKit tncd[142431]: agwpe: handle_frame: port=0 kind=0x59 from="KU0HN" to="KU0HN-10" len=0
Sep 24 19:29:31 CarKit tncd[142431]: agwpe: 'Y' query "KU0HN"<->"KU0HN-10": outstanding=1
Sep 24 19:29:31 CarKit tncd[142431]: agwpe: handle_frame: port=0 kind=0x59 from="KU0HN" to="KU0HN-10" len=0
Sep 24 19:29:31 CarKit tncd[142431]: agwpe: 'Y' query "KU0HN"<->"KU0HN-10": outstanding=1
Sep 24 19:29:31 CarKit tncd[142431]: agwpe: handle_frame: port=0 kind=0x59 from="KU0HN" to="KU0HN-10" len=0
Sep 24 19:29:31 CarKit tncd[142431]: agwpe: 'Y' query "KU0HN"<->"KU0HN-10": outstanding=1
Sep 24 19:29:31 CarKit tncd[142431]: agwpe: handle_frame: port=0 kind=0x59 from="KU0HN" to="KU0HN-10" len=0
Sep 24 19:29:31 CarKit tncd[142431]: agwpe: 'Y' query "KU0HN"<->"KU0HN-10": outstanding=1
Sep 24 19:29:31 CarKit tncd[142431]: agwpe: handle_frame: port=0 kind=0x59 from="KU0HN" to="KU0HN-10" len=0
Sep 24 19:29:31 CarKit tncd[142431]: agwpe: 'Y' query "KU0HN"<->"KU0HN-10": outstanding=1
Sep 24 19:29:32 CarKit tncd[142431]: agwpe: handle_frame: port=0 kind=0x59 from="KU0HN" to="KU0HN-10" len=0
Sep 24 19:29:32 CarKit tncd[142431]: agwpe: 'Y' query "KU0HN"<->"KU0HN-10": outstanding=1
Sep 24 19:29:32 CarKit tncd[142431]: agwpe: handle_frame: port=0 kind=0x59 from="KU0HN" to="KU0HN-10" len=0
Sep 24 19:29:32 CarKit tncd[142431]: agwpe: 'Y' query "KU0HN"<->"KU0HN-10": outstanding=1
Sep 24 19:29:32 CarKit tncd[142431]: agwpe: handle_frame: port=0 kind=0x59 from="KU0HN" to="KU0HN-10" len=0
Sep 24 19:29:32 CarKit tncd[142431]: agwpe: 'Y' query "KU0HN"<->"KU0HN-10": outstanding=1
Sep 24 19:29:32 CarKit tncd[142431]: agwpe: handle_frame: port=0 kind=0x59 from="KU0HN" to="KU0HN-10" len=0
Sep 24 19:29:32 CarKit tncd[142431]: agwpe: 'Y' query "KU0HN"<->"KU0HN-10": outstanding=1
Sep 24 19:29:32 CarKit tncd[142431]: agwpe: handle_frame: port=0 kind=0x59 from="KU0HN" to="KU0HN-10" len=0
Sep 24 19:29:32 CarKit tncd[142431]: agwpe: 'Y' query "KU0HN"<->"KU0HN-10": outstanding=1
Sep 24 19:29:33 CarKit tncd[142431]: agwpe: handle_frame: port=0 kind=0x59 from="KU0HN" to="KU0HN-10" len=0
Sep 24 19:29:33 CarKit tncd[142431]: agwpe: 'Y' query "KU0HN"<->"KU0HN-10": outstanding=1
Sep 24 19:29:33 CarKit tncd[142431]: agwpe: handle_frame: port=0 kind=0x59 from="KU0HN" to="KU0HN-10" len=0
Sep 24 19:29:33 CarKit tncd[142431]: agwpe: 'Y' query "KU0HN"<->"KU0HN-10": outstanding=1
Sep 24 19:29:33 CarKit tncd[142431]: bluetooth: calling ConnectProfile on /org/bluez/hci0/dev_38_D2_00_01_67_9D
Sep 24 19:29:33 CarKit tncd[142431]: agwpe: handle_frame: port=0 kind=0x59 from="KU0HN" to="KU0HN-10" len=0
Sep 24 19:29:33 CarKit tncd[142431]: agwpe: 'Y' query "KU0HN"<->"KU0HN-10": outstanding=1
Sep 24 19:29:33 CarKit tncd[142431]: agwpe: handle_frame: port=0 kind=0x59 from="KU0HN" to="KU0HN-10" len=0
Sep 24 19:29:33 CarKit tncd[142431]: agwpe: 'Y' query "KU0HN"<->"KU0HN-10": outstanding=1
Sep 24 19:29:33 CarKit tncd[142431]: agwpe: handle_frame: port=0 kind=0x59 from="KU0HN" to="KU0HN-10" len=0
Sep 24 19:29:33 CarKit tncd[142431]: agwpe: 'Y' query "KU0HN"<->"KU0HN-10": outstanding=1
Sep 24 19:29:34 CarKit tncd[142431]: agwpe: handle_frame: port=0 kind=0x59 from="KU0HN" to="KU0HN-10" len=0
Sep 24 19:29:34 CarKit tncd[142431]: agwpe: 'Y' query "KU0HN"<->"KU0HN-10": outstanding=1
Sep 24 19:29:34 CarKit tncd[142431]: agwpe: handle_frame: port=0 kind=0x59 from="KU0HN" to="KU0HN-10" len=0
Sep 24 19:29:34 CarKit tncd[142431]: agwpe: 'Y' query "KU0HN"<->"KU0HN-10": outstanding=1
Sep 24 19:29:34 CarKit tncd[142431]: agwpe: handle_frame: port=0 kind=0x59 from="KU0HN" to="KU0HN-10" len=0
Sep 24 19:29:34 CarKit tncd[142431]: agwpe: 'Y' query "KU0HN"<->"KU0HN-10": outstanding=1
Sep 24 19:29:34 CarKit tncd[142431]: agwpe: handle_frame: port=0 kind=0x59 from="KU0HN" to="KU0HN-10" len=0
Sep 24 19:29:34 CarKit tncd[142431]: agwpe: 'Y' query "KU0HN"<->"KU0HN-10": outstanding=1
Sep 24 19:29:34 CarKit tncd[142431]: agwpe: handle_frame: port=0 kind=0x59 from="KU0HN" to="KU0HN-10" len=0
Sep 24 19:29:34 CarKit tncd[142431]: agwpe: 'Y' query "KU0HN"<->"KU0HN-10": outstanding=1
Sep 24 19:29:35 CarKit tncd[142431]: agwpe: handle_frame: port=0 kind=0x59 from="KU0HN" to="KU0HN-10" len=0
Sep 24 19:29:35 CarKit tncd[142431]: agwpe: 'Y' query "KU0HN"<->"KU0HN-10": outstanding=1
Sep 24 19:29:35 CarKit tncd[142431]: agwpe: handle_frame: port=0 kind=0x59 from="KU0HN" to="KU0HN-10" len=0
Sep 24 19:29:35 CarKit tncd[142431]: agwpe: 'Y' query "KU0HN"<->"KU0HN-10": outstanding=1
Sep 24 19:29:35 CarKit tncd[142431]: agwpe: handle_frame: port=0 kind=0x59 from="KU0HN" to="KU0HN-10" len=0
Sep 24 19:29:35 CarKit tncd[142431]: agwpe: 'Y' query "KU0HN"<->"KU0HN-10": outstanding=1
Sep 24 19:29:35 CarKit tncd[142431]: agwpe: handle_frame: port=0 kind=0x59 from="KU0HN" to="KU0HN-10" len=0
Sep 24 19:29:35 CarKit tncd[142431]: agwpe: 'Y' query "KU0HN"<->"KU0HN-10": outstanding=1
Sep 24 19:29:35 CarKit tncd[142431]: agwpe: handle_frame: port=0 kind=0x59 from="KU0HN" to="KU0HN-10" len=0
Sep 24 19:29:35 CarKit tncd[142431]: agwpe: 'Y' query "KU0HN"<->"KU0HN-10": outstanding=1
Sep 24 19:29:36 CarKit tncd[142431]: agwpe: handle_frame: port=0 kind=0x59 from="KU0HN" to="KU0HN-10" len=0
Sep 24 19:29:36 CarKit tncd[142431]: agwpe: 'Y' query "KU0HN"<->"KU0HN-10": outstanding=1
Sep 24 19:29:36 CarKit tncd[142431]: agwpe: handle_frame: port=0 kind=0x59 from="KU0HN" to="KU0HN-10" len=0
Sep 24 19:29:36 CarKit tncd[142431]: agwpe: 'Y' query "KU0HN"<->"KU0HN-10": outstanding=1
Sep 24 19:29:36 CarKit tncd[142431]: agwpe: handle_frame: port=0 kind=0x59 from="KU0HN" to="KU0HN-10" len=0
Sep 24 19:29:36 CarKit tncd[142431]: agwpe: 'Y' query "KU0HN"<->"KU0HN-10": outstanding=1
Sep 24 19:29:36 CarKit tncd[142431]: agwpe: handle_frame: port=0 kind=0x59 from="KU0HN" to="KU0HN-10" len=0
Sep 24 19:29:36 CarKit tncd[142431]: agwpe: 'Y' query "KU0HN"<->"KU0HN-10": outstanding=1
Sep 24 19:29:36 CarKit tncd[142431]: agwpe: handle_frame: port=0 kind=0x59 from="KU0HN" to="KU0HN-10" len=0
Sep 24 19:29:36 CarKit tncd[142431]: agwpe: 'Y' query "KU0HN"<->"KU0HN-10": outstanding=1
Sep 24 19:29:37 CarKit tncd[142431]: agwpe: handle_frame: port=0 kind=0x59 from="KU0HN" to="KU0HN-10" len=0
Sep 24 19:29:37 CarKit tncd[142431]: agwpe: 'Y' query "KU0HN"<->"KU0HN-10": outstanding=1
Sep 24 19:29:37 CarKit tncd[142431]: bluetooth: NewConnection: path=/org/bluez/hci0/dev_38_D2_00_01_67_9D fd=12
Sep 24 19:29:37 CarKit tncd[142431]: bluetooth: SPP socket ready (fd=12) for 38:D2:00:01:67:9D
Sep 24 19:29:37 CarKit tncd[142431]: bluetooth: 38:D2:00:01:67:9D dropped audio profile 0000111e-0000-1000-8000-00805f9b34fb
Sep 24 19:29:37 CarKit tncd[142431]: bluetooth: 38:D2:00:01:67:9D dropped audio profile 0000111f-0000-1000-8000-00805f9b34fb
Sep 24 19:29:37 CarKit tncd[142431]: bridge: port 0 online
Sep 24 19:29:37 CarKit tncd[142431]: agwpe: handle_frame: port=0 kind=0x59 from="KU0HN" to="KU0HN-10" len=0
Sep 24 19:29:37 CarKit tncd[142431]: agwpe: 'Y' query "KU0HN"<->"KU0HN-10": outstanding=1
Sep 24 19:29:37 CarKit tncd[142431]: agwpe: handle_frame: port=0 kind=0x59 from="KU0HN" to="KU0HN-10" len=0
Sep 24 19:29:37 CarKit tncd[142431]: agwpe: 'Y' query "KU0HN"<->"KU0HN-10": outstanding=1
Sep 24 19:29:37 CarKit tncd[142431]: agwpe: handle_frame: port=0 kind=0x59 from="KU0HN" to="KU0HN-10" len=0
Sep 24 19:29:37 CarKit tncd[142431]: agwpe: 'Y' query "KU0HN"<->"KU0HN-10": outstanding=1
Sep 24 19:29:37 CarKit tncd[142431]: agwpe: handle_frame: port=0 kind=0x59 from="KU0HN" to="KU0HN-10" len=0
Sep 24 19:29:37 CarKit tncd[142431]: agwpe: 'Y' query "KU0HN"<->"KU0HN-10": outstanding=1
Sep 24 19:29:38 CarKit tncd[142431]: agwpe: handle_frame: port=0 kind=0x59 from="KU0HN" to="KU0HN-10" len=0
Sep 24 19:29:38 CarKit tncd[142431]: agwpe: 'Y' query "KU0HN"<->"KU0HN-10": outstanding=1
Sep 24 19:29:38 CarKit tncd[142431]: agwpe: handle_frame: port=0 kind=0x59 from="KU0HN" to="KU0HN-10" len=0
Sep 24 19:29:38 CarKit tncd[142431]: agwpe: 'Y' query "KU0HN"<->"KU0HN-10": outstanding=1
Sep 24 19:29:38 CarKit tncd[142431]: agwpe: handle_frame: port=0 kind=0x59 from="KU0HN" to="KU0HN-10" len=0
Sep 24 19:29:38 CarKit tncd[142431]: agwpe: 'Y' query "KU0HN"<->"KU0HN-10": outstanding=1
Sep 24 19:29:38 CarKit tncd[142431]: agwpe: handle_frame: port=0 kind=0x59 from="KU0HN" to="KU0HN-10" len=0
Sep 24 19:29:38 CarKit tncd[142431]: agwpe: 'Y' query "KU0HN"<->"KU0HN-10": outstanding=1
Sep 24 19:29:38 CarKit tncd[142431]: agwpe: handle_frame: port=0 kind=0x59 from="KU0HN" to="KU0HN-10" len=0
Sep 24 19:29:38 CarKit tncd[142431]: agwpe: 'Y' query "KU0HN"<->"KU0HN-10": outstanding=1
Sep 24 19:29:39 CarKit tncd[142431]: agwpe: handle_frame: port=0 kind=0x59 from="KU0HN" to="KU0HN-10" len=0
Sep 24 19:29:39 CarKit tncd[142431]: agwpe: 'Y' query "KU0HN"<->"KU0HN-10": outstanding=1
Sep 24 19:29:39 CarKit tncd[142431]: agwpe: handle_frame: port=0 kind=0x59 from="KU0HN" to="KU0HN-10" len=0
Sep 24 19:29:39 CarKit tncd[142431]: agwpe: 'Y' query "KU0HN"<->"KU0HN-10": outstanding=1
Sep 24 19:29:39 CarKit tncd[142431]: agwpe: handle_frame: port=0 kind=0x59 from="KU0HN" to="KU0HN-10" len=0
Sep 24 19:29:39 CarKit tncd[142431]: agwpe: 'Y' query "KU0HN"<->"KU0HN-10": outstanding=1
Sep 24 19:29:39 CarKit tncd[142431]: agwpe: handle_frame: port=0 kind=0x59 from="KU0HN" to="KU0HN-10" len=0
Sep 24 19:29:39 CarKit tncd[142431]: agwpe: 'Y' query "KU0HN"<->"KU0HN-10": outstanding=1
Sep 24 19:29:39 CarKit tncd[142431]: agwpe: handle_frame: port=0 kind=0x59 from="KU0HN" to="KU0HN-10" len=0
Sep 24 19:29:39 CarKit tncd[142431]: agwpe: 'Y' query "KU0HN"<->"KU0HN-10": outstanding=1
Sep 24 19:29:40 CarKit tncd[142431]: agwpe: handle_frame: port=0 kind=0x59 from="KU0HN" to="KU0HN-10" len=0
Sep 24 19:29:40 CarKit tncd[142431]: agwpe: 'Y' query "KU0HN"<->"KU0HN-10": outstanding=1
Sep 24 19:29:40 CarKit tncd[142431]: agwpe: handle_frame: port=0 kind=0x59 from="KU0HN" to="KU0HN-10" len=0
Sep 24 19:29:40 CarKit tncd[142431]: agwpe: 'Y' query "KU0HN"<->"KU0HN-10": outstanding=1
Sep 24 19:29:40 CarKit tncd[142431]: agwpe: handle_frame: port=0 kind=0x59 from="KU0HN" to="KU0HN-10" len=0
Sep 24 19:29:40 CarKit tncd[142431]: agwpe: 'Y' query "KU0HN"<->"KU0HN-10": outstanding=1
Sep 24 19:29:40 CarKit tncd[142431]: agwpe: handle_frame: port=0 kind=0x59 from="KU0HN" to="KU0HN-10" len=0
Sep 24 19:29:40 CarKit tncd[142431]: agwpe: 'Y' query "KU0HN"<->"KU0HN-10": outstanding=1
Sep 24 19:29:40 CarKit tncd[142431]: agwpe: handle_frame: port=0 kind=0x59 from="KU0HN" to="KU0HN-10" len=0
Sep 24 19:29:40 CarKit tncd[142431]: agwpe: 'Y' query "KU0HN"<->"KU0HN-10": outstanding=1
Sep 24 19:29:41 CarKit tncd[142431]: agwpe: handle_frame: port=0 kind=0x59 from="KU0HN" to="KU0HN-10" len=0
Sep 24 19:29:41 CarKit tncd[142431]: agwpe: 'Y' query "KU0HN"<->"KU0HN-10": outstanding=1
Sep 24 19:29:41 CarKit tncd[142431]: agwpe: handle_frame: port=0 kind=0x59 from="KU0HN" to="KU0HN-10" len=0
Sep 24 19:29:41 CarKit tncd[142431]: agwpe: 'Y' query "KU0HN"<->"KU0HN-10": outstanding=1
Sep 24 19:29:41 CarKit tncd[142431]: agwpe: handle_frame: port=0 kind=0x59 from="KU0HN" to="KU0HN-10" len=0
Sep 24 19:29:41 CarKit tncd[142431]: agwpe: 'Y' query "KU0HN"<->"KU0HN-10": outstanding=1
Sep 24 19:29:41 CarKit tncd[142431]: agwpe: handle_frame: port=0 kind=0x59 from="KU0HN" to="KU0HN-10" len=0
Sep 24 19:29:41 CarKit tncd[142431]: agwpe: 'Y' query "KU0HN"<->"KU0HN-10": outstanding=1
Sep 24 19:29:41 CarKit tncd[142431]: agwpe: handle_frame: port=0 kind=0x59 from="KU0HN" to="KU0HN-10" len=0
Sep 24 19:29:41 CarKit tncd[142431]: agwpe: 'Y' query "KU0HN"<->"KU0HN-10": outstanding=1
Sep 24 19:29:42 CarKit tncd[142431]: agwpe: handle_frame: port=0 kind=0x59 from="KU0HN" to="KU0HN-10" len=0
Sep 24 19:29:42 CarKit tncd[142431]: agwpe: 'Y' query "KU0HN"<->"KU0HN-10": outstanding=1
Sep 24 19:29:42 CarKit tncd[142431]: agwpe: handle_frame: port=0 kind=0x59 from="KU0HN" to="KU0HN-10" len=0
Sep 24 19:29:42 CarKit tncd[142431]: agwpe: 'Y' query "KU0HN"<->"KU0HN-10": outstanding=1
Sep 24 19:29:42 CarKit tncd[142431]: agwpe: handle_frame: port=0 kind=0x59 from="KU0HN" to="KU0HN-10" len=0
Sep 24 19:29:42 CarKit tncd[142431]: agwpe: 'Y' query "KU0HN"<->"KU0HN-10": outstanding=1
Sep 24 19:29:42 CarKit tncd[142431]: agwpe: handle_frame: port=0 kind=0x59 from="KU0HN" to="KU0HN-10" len=0
Sep 24 19:29:42 CarKit tncd[142431]: agwpe: 'Y' query "KU0HN"<->"KU0HN-10": outstanding=1
Sep 24 19:29:42 CarKit tncd[142431]: agwpe: handle_frame: port=0 kind=0x59 from="KU0HN" to="KU0HN-10" len=0
Sep 24 19:29:42 CarKit tncd[142431]: agwpe: 'Y' query "KU0HN"<->"KU0HN-10": outstanding=1
Sep 24 19:29:43 CarKit tncd[142431]: agwpe: handle_frame: port=0 kind=0x59 from="KU0HN" to="KU0HN-10" len=0
Sep 24 19:29:43 CarKit tncd[142431]: agwpe: 'Y' query "KU0HN"<->"KU0HN-10": outstanding=1
Sep 24 19:29:43 CarKit tncd[142431]: agwpe: handle_frame: port=0 kind=0x59 from="KU0HN" to="KU0HN-10" len=0
Sep 24 19:29:43 CarKit tncd[142431]: agwpe: 'Y' query "KU0HN"<->"KU0HN-10": outstanding=1
Sep 24 19:29:43 CarKit tncd[142431]: agwpe: handle_frame: port=0 kind=0x59 from="KU0HN" to="KU0HN-10" len=0
Sep 24 19:29:43 CarKit tncd[142431]: agwpe: 'Y' query "KU0HN"<->"KU0HN-10": outstanding=1
Sep 24 19:29:43 CarKit tncd[142431]: agwpe: handle_frame: port=0 kind=0x59 from="KU0HN" to="KU0HN-10" len=0
Sep 24 19:29:43 CarKit tncd[142431]: agwpe: 'Y' query "KU0HN"<->"KU0HN-10": outstanding=1
Sep 24 19:29:43 CarKit tncd[142431]: agwpe: handle_frame: port=0 kind=0x59 from="KU0HN" to="KU0HN-10" len=0
Sep 24 19:29:43 CarKit tncd[142431]: agwpe: 'Y' query "KU0HN"<->"KU0HN-10": outstanding=1
Sep 24 19:29:44 CarKit tncd[142431]: agwpe: handle_frame: port=0 kind=0x59 from="KU0HN" to="KU0HN-10" len=0
Sep 24 19:29:44 CarKit tncd[142431]: agwpe: 'Y' query "KU0HN"<->"KU0HN-10": outstanding=1
Sep 24 19:29:44 CarKit tncd[142431]: agwpe: handle_frame: port=0 kind=0x59 from="KU0HN" to="KU0HN-10" len=0
Sep 24 19:29:44 CarKit tncd[142431]: agwpe: 'Y' query "KU0HN"<->"KU0HN-10": outstanding=1
Sep 24 19:29:44 CarKit tncd[142431]: agwpe: handle_frame: port=0 kind=0x59 from="KU0HN" to="KU0HN-10" len=0
Sep 24 19:29:44 CarKit tncd[142431]: agwpe: 'Y' query "KU0HN"<->"KU0HN-10": outstanding=1
Sep 24 19:29:44 CarKit tncd[142431]: agwpe: handle_frame: port=0 kind=0x59 from="KU0HN" to="KU0HN-10" len=0
Sep 24 19:29:44 CarKit tncd[142431]: agwpe: 'Y' query "KU0HN"<->"KU0HN-10": outstanding=1
Sep 24 19:29:44 CarKit tncd[142431]: agwpe: handle_frame: port=0 kind=0x59 from="KU0HN" to="KU0HN-10" len=0
Sep 24 19:29:44 CarKit tncd[142431]: agwpe: 'Y' query "KU0HN"<->"KU0HN-10": outstanding=1
Sep 24 19:29:45 CarKit tncd[142431]: agwpe: handle_frame: port=0 kind=0x59 from="KU0HN" to="KU0HN-10" len=0
Sep 24 19:29:45 CarKit tncd[142431]: agwpe: 'Y' query "KU0HN"<->"KU0HN-10": outstanding=1
Sep 24 19:29:45 CarKit tncd[142431]: agwpe: handle_frame: port=0 kind=0x59 from="KU0HN" to="KU0HN-10" len=0
Sep 24 19:29:45 CarKit tncd[142431]: agwpe: 'Y' query "KU0HN"<->"KU0HN-10": outstanding=1
Sep 24 19:29:45 CarKit tncd[142431]: agwpe: handle_frame: port=0 kind=0x59 from="KU0HN" to="KU0HN-10" len=0
Sep 24 19:29:45 CarKit tncd[142431]: agwpe: 'Y' query "KU0HN"<->"KU0HN-10": outstanding=1
Sep 24 19:29:45 CarKit tncd[142431]: agwpe: handle_frame: port=0 kind=0x59 from="KU0HN" to="KU0HN-10" len=0
Sep 24 19:29:45 CarKit tncd[142431]: agwpe: 'Y' query "KU0HN"<->"KU0HN-10": outstanding=1
Sep 24 19:29:45 CarKit tncd[142431]: agwpe: handle_frame: port=0 kind=0x59 from="KU0HN" to="KU0HN-10" len=0
Sep 24 19:29:45 CarKit tncd[142431]: agwpe: 'Y' query "KU0HN"<->"KU0HN-10": outstanding=1
Sep 24 19:29:46 CarKit tncd[142431]: agwpe: handle_frame: port=0 kind=0x59 from="KU0HN" to="KU0HN-10" len=0
Sep 24 19:29:46 CarKit tncd[142431]: agwpe: 'Y' query "KU0HN"<->"KU0HN-10": outstanding=1
Sep 24 19:29:46 CarKit tncd[142431]: agwpe: handle_frame: port=0 kind=0x59 from="KU0HN" to="KU0HN-10" len=0
Sep 24 19:29:46 CarKit tncd[142431]: agwpe: 'Y' query "KU0HN"<->"KU0HN-10": outstanding=1
Sep 24 19:29:46 CarKit tncd[142431]: agwpe: handle_frame: port=0 kind=0x59 from="KU0HN" to="KU0HN-10" len=0
Sep 24 19:29:46 CarKit tncd[142431]: agwpe: 'Y' query "KU0HN"<->"KU0HN-10": outstanding=1
Sep 24 19:29:46 CarKit tncd[142431]: agwpe: handle_frame: port=0 kind=0x59 from="KU0HN" to="KU0HN-10" len=0
Sep 24 19:29:46 CarKit tncd[142431]: agwpe: 'Y' query "KU0HN"<->"KU0HN-10": outstanding=1
Sep 24 19:29:46 CarKit tncd[142431]: agwpe: handle_frame: port=0 kind=0x59 from="KU0HN" to="KU0HN-10" len=0
Sep 24 19:29:46 CarKit tncd[142431]: agwpe: 'Y' query "KU0HN"<->"KU0HN-10": outstanding=1
Sep 24 19:29:47 CarKit tncd[142431]: agwpe: handle_frame: port=0 kind=0x59 from="KU0HN" to="KU0HN-10" len=0
Sep 24 19:29:47 CarKit tncd[142431]: agwpe: 'Y' query "KU0HN"<->"KU0HN-10": outstanding=1
Sep 24 19:29:47 CarKit tncd[142431]: agwpe: handle_frame: port=0 kind=0x59 from="KU0HN" to="KU0HN-10" len=0
Sep 24 19:29:47 CarKit tncd[142431]: agwpe: 'Y' query "KU0HN"<->"KU0HN-10": outstanding=1
Sep 24 19:29:47 CarKit tncd[142431]: agwpe: handle_frame: port=0 kind=0x59 from="KU0HN" to="KU0HN-10" len=0
Sep 24 19:29:47 CarKit tncd[142431]: agwpe: 'Y' query "KU0HN"<->"KU0HN-10": outstanding=1
Sep 24 19:29:47 CarKit tncd[142431]: agwpe: handle_frame: port=0 kind=0x59 from="KU0HN" to="KU0HN-10" len=0
Sep 24 19:29:47 CarKit tncd[142431]: agwpe: 'Y' query "KU0HN"<->"KU0HN-10": outstanding=1
Sep 24 19:29:47 CarKit tncd[142431]: agwpe: handle_frame: port=0 kind=0x59 from="KU0HN" to="KU0HN-10" len=0
Sep 24 19:29:47 CarKit tncd[142431]: agwpe: 'Y' query "KU0HN"<->"KU0HN-10": outstanding=1
Sep 24 19:29:48 CarKit tncd[142431]: agwpe: handle_frame: port=0 kind=0x59 from="KU0HN" to="KU0HN-10" len=0
Sep 24 19:29:48 CarKit tncd[142431]: agwpe: 'Y' query "KU0HN"<->"KU0HN-10": outstanding=1
Sep 24 19:29:48 CarKit tncd[142431]: agwpe: handle_frame: port=0 kind=0x59 from="KU0HN" to="KU0HN-10" len=0
Sep 24 19:29:48 CarKit tncd[142431]: agwpe: 'Y' query "KU0HN"<->"KU0HN-10": outstanding=1
Sep 24 19:29:48 CarKit tncd[142431]: agwpe: handle_frame: port=0 kind=0x59 from="KU0HN" to="KU0HN-10" len=0
Sep 24 19:29:48 CarKit tncd[142431]: agwpe: 'Y' query "KU0HN"<->"KU0HN-10": outstanding=1
Sep 24 19:29:48 CarKit tncd[142431]: agwpe: handle_frame: port=0 kind=0x59 from="KU0HN" to="KU0HN-10" len=0
Sep 24 19:29:48 CarKit tncd[142431]: agwpe: 'Y' query "KU0HN"<->"KU0HN-10": outstanding=1
Sep 24 19:29:48 CarKit tncd[142431]: agwpe: handle_frame: port=0 kind=0x59 from="KU0HN" to="KU0HN-10" len=0
Sep 24 19:29:48 CarKit tncd[142431]: agwpe: 'Y' query "KU0HN"<->"KU0HN-10": outstanding=1
Sep 24 19:29:49 CarKit tncd[142431]: bridge: port 0 RX wedged -- 20s silence with unacked TX; relinking (keeping session)
Sep 24 19:29:49 CarKit tncd[142431]: agwpe: handle_frame: port=0 kind=0x59 from="KU0HN" to="KU0HN-10" len=0
Sep 24 19:29:49 CarKit tncd[142431]: agwpe: 'Y' query "KU0HN"<->"KU0HN-10": outstanding=1
Sep 24 19:29:49 CarKit tncd[142431]: agwpe: handle_frame: port=0 kind=0x59 from="KU0HN" to="KU0HN-10" len=0
Sep 24 19:29:49 CarKit tncd[142431]: agwpe: 'Y' query "KU0HN"<->"KU0HN-10": outstanding=1
Sep 24 19:29:49 CarKit tncd[142431]: agwpe: handle_frame: port=0 kind=0x59 from="KU0HN" to="KU0HN-10" len=0
Sep 24 19:29:49 CarKit tncd[142431]: agwpe: 'Y' query "KU0HN"<->"KU0HN-10": outstanding=1
Sep 24 19:29:49 CarKit tncd[142431]: agwpe: handle_frame: port=0 kind=0x59 from="KU0HN" to="KU0HN-10" len=0
Sep 24 19:29:49 CarKit tncd[142431]: agwpe: 'Y' query "KU0HN"<->"KU0HN-10": outstanding=1
Sep 24 19:29:49 CarKit tncd[142431]: agwpe: handle_frame: port=0 kind=0x59 from="KU0HN" to="KU0HN-10" len=0
Sep 24 19:29:49 CarKit tncd[142431]: agwpe: 'Y' query "KU0HN"<->"KU0HN-10": outstanding=1
Sep 24 19:29:50 CarKit tncd[142431]: agwpe: handle_frame: port=0 kind=0x59 from="KU0HN" to="KU0HN-10" len=0
Sep 24 19:29:50 CarKit tncd[142431]: agwpe: 'Y' query "KU0HN"<->"KU0HN-10": outstanding=1
Sep 24 19:29:50 CarKit tncd[142431]: agwpe: handle_frame: port=0 kind=0x59 from="KU0HN" to="KU0HN-10" len=0
Sep 24 19:29:50 CarKit tncd[142431]: agwpe: 'Y' query "KU0HN"<->"KU0HN-10": outstanding=1
Sep 24 19:29:50 CarKit tncd[142431]: agwpe: handle_frame: port=0 kind=0x59 from="KU0HN" to="KU0HN-10" len=0
Sep 24 19:29:50 CarKit tncd[142431]: agwpe: 'Y' query "KU0HN"<->"KU0HN-10": outstanding=1
Sep 24 19:29:50 CarKit tncd[142431]: agwpe: handle_frame: port=0 kind=0x59 from="KU0HN" to="KU0HN-10" len=0
Sep 24 19:29:50 CarKit tncd[142431]: agwpe: 'Y' query "KU0HN"<->"KU0HN-10": outstanding=1
Sep 24 19:29:50 CarKit tncd[142431]: agwpe: handle_frame: port=0 kind=0x59 from="KU0HN" to="KU0HN-10" len=0
Sep 24 19:29:50 CarKit tncd[142431]: agwpe: 'Y' query "KU0HN"<->"KU0HN-10": outstanding=1
Sep 24 19:29:51 CarKit tncd[142431]: bluetooth: 38:D2:00:01:67:9D already connected, disconnecting first
Sep 24 19:29:51 CarKit tncd[142431]: bluetooth: RequestDisconnection: /org/bluez/hci0/dev_38_D2_00_01_67_9D
Sep 24 19:29:51 CarKit tncd[142431]: agwpe: handle_frame: port=0 kind=0x59 from="KU0HN" to="KU0HN-10" len=0
Sep 24 19:29:51 CarKit tncd[142431]: agwpe: 'Y' query "KU0HN"<->"KU0HN-10": outstanding=1
Sep 24 19:29:51 CarKit tncd[142431]: agwpe: handle_frame: port=0 kind=0x59 from="KU0HN" to="KU0HN-10" len=0
Sep 24 19:29:51 CarKit tncd[142431]: agwpe: 'Y' query "KU0HN"<->"KU0HN-10": outstanding=1
Sep 24 19:29:51 CarKit tncd[142431]: agwpe: handle_frame: port=0 kind=0x59 from="KU0HN" to="KU0HN-10" len=0
Sep 24 19:29:51 CarKit tncd[142431]: agwpe: 'Y' query "KU0HN"<->"KU0HN-10": outstanding=1
Sep 24 19:29:51 CarKit tncd[142431]: agwpe: handle_frame: port=0 kind=0x59 from="KU0HN" to="KU0HN-10" len=0
Sep 24 19:29:51 CarKit tncd[142431]: agwpe: 'Y' query "KU0HN"<->"KU0HN-10": outstanding=1
Sep 24 19:29:51 CarKit tncd[142431]: agwpe: handle_frame: port=0 kind=0x59 from="KU0HN" to="KU0HN-10" len=0
Sep 24 19:29:51 CarKit tncd[142431]: agwpe: 'Y' query "KU0HN"<->"KU0HN-10": outstanding=1
Sep 24 19:29:52 CarKit tncd[142431]: agwpe: handle_frame: port=0 kind=0x59 from="KU0HN" to="KU0HN-10" len=0
Sep 24 19:29:52 CarKit tncd[142431]: agwpe: 'Y' query "KU0HN"<->"KU0HN-10": outstanding=1
Sep 24 19:29:52 CarKit tncd[142431]: agwpe: handle_frame: port=0 kind=0x59 from="KU0HN" to="KU0HN-10" len=0
Sep 24 19:29:52 CarKit tncd[142431]: agwpe: 'Y' query "KU0HN"<->"KU0HN-10": outstanding=1
Sep 24 19:29:52 CarKit tncd[142431]: agwpe: handle_frame: port=0 kind=0x59 from="KU0HN" to="KU0HN-10" len=0
Sep 24 19:29:52 CarKit tncd[142431]: agwpe: 'Y' query "KU0HN"<->"KU0HN-10": outstanding=1
Sep 24 19:29:52 CarKit tncd[142431]: agwpe: handle_frame: port=0 kind=0x59 from="KU0HN" to="KU0HN-10" len=0
Sep 24 19:29:52 CarKit tncd[142431]: agwpe: 'Y' query "KU0HN"<->"KU0HN-10": outstanding=1
Sep 24 19:29:52 CarKit tncd[142431]: agwpe: handle_frame: port=0 kind=0x59 from="KU0HN" to="KU0HN-10" len=0
Sep 24 19:29:52 CarKit tncd[142431]: agwpe: 'Y' query "KU0HN"<->"KU0HN-10": outstanding=1
Sep 24 19:29:53 CarKit tncd[142431]: agwpe: handle_frame: port=0 kind=0x59 from="KU0HN" to="KU0HN-10" len=0
Sep 24 19:29:53 CarKit tncd[142431]: agwpe: 'Y' query "KU0HN"<->"KU0HN-10": outstanding=1
Sep 24 19:29:53 CarKit tncd[142431]: agwpe: handle_frame: port=0 kind=0x59 from="KU0HN" to="KU0HN-10" len=0
Sep 24 19:29:53 CarKit tncd[142431]: agwpe: 'Y' query "KU0HN"<->"KU0HN-10": outstanding=1
Sep 24 19:29:53 CarKit tncd[142431]: bluetooth: calling ConnectProfile on /org/bluez/hci0/dev_38_D2_00_01_67_9D
Sep 24 19:29:53 CarKit tncd[142431]: agwpe: handle_frame: port=0 kind=0x59 from="KU0HN" to="KU0HN-10" len=0
Sep 24 19:29:53 CarKit tncd[142431]: agwpe: 'Y' query "KU0HN"<->"KU0HN-10": outstanding=1
Sep 24 19:29:53 CarKit tncd[142431]: agwpe: handle_frame: port=0 kind=0x59 from="KU0HN" to="KU0HN-10" len=0
Sep 24 19:29:53 CarKit tncd[142431]: agwpe: 'Y' query "KU0HN"<->"KU0HN-10": outstanding=1
Sep 24 19:29:53 CarKit tncd[142431]: agwpe: handle_frame: port=0 kind=0x59 from="KU0HN" to="KU0HN-10" len=0
Sep 24 19:29:53 CarKit tncd[142431]: agwpe: 'Y' query "KU0HN"<->"KU0HN-10": outstanding=1
Sep 24 19:29:54 CarKit tncd[142431]: agwpe: handle_frame: port=0 kind=0x59 from="KU0HN" to="KU0HN-10" len=0
Sep 24 19:29:54 CarKit tncd[142431]: agwpe: 'Y' query "KU0HN"<->"KU0HN-10": outstanding=1
Sep 24 19:29:54 CarKit tncd[142431]: agwpe: handle_frame: port=0 kind=0x59 from="KU0HN" to="KU0HN-10" len=0
Sep 24 19:29:54 CarKit tncd[142431]: agwpe: 'Y' query "KU0HN"<->"KU0HN-10": outstanding=1
Sep 24 19:29:54 CarKit tncd[142431]: agwpe: handle_frame: port=0 kind=0x59 from="KU0HN" to="KU0HN-10" len=0
Sep 24 19:29:54 CarKit tncd[142431]: agwpe: 'Y' query "KU0HN"<->"KU0HN-10": outstanding=1
Sep 24 19:29:54 CarKit tncd[142431]: agwpe: handle_frame: port=0 kind=0x59 from="KU0HN" to="KU0HN-10" len=0
Sep 24 19:29:54 CarKit tncd[142431]: agwpe: 'Y' query "KU0HN"<->"KU0HN-10": outstanding=1
Sep 24 19:29:54 CarKit tncd[142431]: agwpe: handle_frame: port=0 kind=0x59 from="KU0HN" to="KU0HN-10" len=0
Sep 24 19:29:54 CarKit tncd[142431]: agwpe: 'Y' query "KU0HN"<->"KU0HN-10": outstanding=1
Sep 24 19:29:55 CarKit tncd[142431]: agwpe: handle_frame: port=0 kind=0x59 from="KU0HN" to="KU0HN-10" len=0
Sep 24 19:29:55 CarKit tncd[142431]: agwpe: 'Y' query "KU0HN"<->"KU0HN-10": outstanding=1
Sep 24 19:29:55 CarKit tncd[142431]: agwpe: handle_frame: port=0 kind=0x59 from="KU0HN" to="KU0HN-10" len=0
Sep 24 19:29:55 CarKit tncd[142431]: agwpe: 'Y' query "KU0HN"<->"KU0HN-10": outstanding=1
Sep 24 19:29:55 CarKit tncd[142431]: agwpe: handle_frame: port=0 kind=0x59 from="KU0HN" to="KU0HN-10" len=0
Sep 24 19:29:55 CarKit tncd[142431]: agwpe: 'Y' query "KU0HN"<->"KU0HN-10": outstanding=1
Sep 24 19:29:55 CarKit tncd[142431]: agwpe: handle_frame: port=0 kind=0x59 from="KU0HN" to="KU0HN-10" len=0
Sep 24 19:29:55 CarKit tncd[142431]: agwpe: 'Y' query "KU0HN"<->"KU0HN-10": outstanding=1
Sep 24 19:29:55 CarKit tncd[142431]: agwpe: handle_frame: port=0 kind=0x59 from="KU0HN" to="KU0HN-10" len=0
Sep 24 19:29:55 CarKit tncd[142431]: agwpe: 'Y' query "KU0HN"<->"KU0HN-10": outstanding=1
Sep 24 19:29:56 CarKit tncd[142431]: agwpe: handle_frame: port=0 kind=0x59 from="KU0HN" to="KU0HN-10" len=0
Sep 24 19:29:56 CarKit tncd[142431]: agwpe: 'Y' query "KU0HN"<->"KU0HN-10": outstanding=1
Sep 24 19:29:56 CarKit tncd[142431]: agwpe: handle_frame: port=0 kind=0x59 from="KU0HN" to="KU0HN-10" len=0
Sep 24 19:29:56 CarKit tncd[142431]: agwpe: 'Y' query "KU0HN"<->"KU0HN-10": outstanding=1
Sep 24 19:29:56 CarKit tncd[142431]: bluetooth: NewConnection: path=/org/bluez/hci0/dev_38_D2_00_01_67_9D fd=12
Sep 24 19:29:56 CarKit tncd[142431]: bluetooth: SPP socket ready (fd=12) for 38:D2:00:01:67:9D
Sep 24 19:29:56 CarKit tncd[142431]: bluetooth: 38:D2:00:01:67:9D dropped audio profile 0000111e-0000-1000-8000-00805f9b34fb
Sep 24 19:29:56 CarKit tncd[142431]: bluetooth: 38:D2:00:01:67:9D dropped audio profile 0000111f-0000-1000-8000-00805f9b34fb
Sep 24 19:29:56 CarKit tncd[142431]: bridge: port 0 online
Sep 24 19:29:56 CarKit tncd[142431]: agwpe: handle_frame: port=0 kind=0x59 from="KU0HN" to="KU0HN-10" len=0
Sep 24 19:29:56 CarKit tncd[142431]: agwpe: 'Y' query "KU0HN"<->"KU0HN-10": outstanding=1
Sep 24 19:29:56 CarKit tncd[142431]: agwpe: handle_frame: port=0 kind=0x59 from="KU0HN" to="KU0HN-10" len=0
Sep 24 19:29:56 CarKit tncd[142431]: agwpe: 'Y' query "KU0HN"<->"KU0HN-10": outstanding=1
Sep 24 19:29:56 CarKit tncd[142431]: agwpe: handle_frame: port=0 kind=0x59 from="KU0HN" to="KU0HN-10" len=0
Sep 24 19:29:56 CarKit tncd[142431]: agwpe: 'Y' query "KU0HN"<->"KU0HN-10": outstanding=1
Sep 24 19:29:57 CarKit tncd[142431]: agwpe: handle_frame: port=0 kind=0x59 from="KU0HN" to="KU0HN-10" len=0
Sep 24 19:29:57 CarKit tncd[142431]: agwpe: 'Y' query "KU0HN"<->"KU0HN-10": outstanding=1
Sep 24 19:29:57 CarKit tncd[142431]: agwpe: handle_frame: port=0 kind=0x59 from="KU0HN" to="KU0HN-10" len=0
Sep 24 19:29:57 CarKit tncd[142431]: agwpe: 'Y' query "KU0HN"<->"KU0HN-10": outstanding=1
Sep 24 19:29:57 CarKit tncd[142431]: agwpe: handle_frame: port=0 kind=0x59 from="KU0HN" to="KU0HN-10" len=0
Sep 24 19:29:57 CarKit tncd[142431]: agwpe: 'Y' query "KU0HN"<->"KU0HN-10": outstanding=1
Sep 24 19:29:57 CarKit tncd[142431]: agwpe: handle_frame: port=0 kind=0x59 from="KU0HN" to="KU0HN-10" len=0
Sep 24 19:29:57 CarKit tncd[142431]: agwpe: 'Y' query "KU0HN"<->"KU0HN-10": outstanding=1
Sep 24 19:29:57 CarKit tncd[142431]: agwpe: handle_frame: port=0 kind=0x59 from="KU0HN" to="KU0HN-10" len=0
Sep 24 19:29:57 CarKit tncd[142431]: agwpe: 'Y' query "KU0HN"<->"KU0HN-10": outstanding=1
Sep 24 19:29:58 CarKit tncd[142431]: agwpe: handle_frame: port=0 kind=0x59 from="KU0HN" to="KU0HN-10" len=0
Sep 24 19:29:58 CarKit tncd[142431]: agwpe: 'Y' query "KU0HN"<->"KU0HN-10": outstanding=1
Sep 24 19:29:58 CarKit tncd[142431]: agwpe: handle_frame: port=0 kind=0x59 from="KU0HN" to="KU0HN-10" len=0
Sep 24 19:29:58 CarKit tncd[142431]: agwpe: 'Y' query "KU0HN"<->"KU0HN-10": outstanding=1
Sep 24 19:29:58 CarKit tncd[142431]: agwpe: handle_frame: port=0 kind=0x59 from="KU0HN" to="KU0HN-10" len=0
Sep 24 19:29:58 CarKit tncd[142431]: agwpe: 'Y' query "KU0HN"<->"KU0HN-10": outstanding=1
Sep 24 19:29:58 CarKit tncd[142431]: agwpe: handle_frame: port=0 kind=0x59 from="KU0HN" to="KU0HN-10" len=0
Sep 24 19:29:58 CarKit tncd[142431]: agwpe: 'Y' query "KU0HN"<->"KU0HN-10": outstanding=1
Sep 24 19:29:58 CarKit tncd[142431]: agwpe: handle_frame: port=0 kind=0x59 from="KU0HN" to="KU0HN-10" len=0
Sep 24 19:29:58 CarKit tncd[142431]: agwpe: 'Y' query "KU0HN"<->"KU0HN-10": outstanding=1
Sep 24 19:29:59 CarKit tncd[142431]: agwpe: handle_frame: port=0 kind=0x59 from="KU0HN" to="KU0HN-10" len=0
Sep 24 19:29:59 CarKit tncd[142431]: agwpe: 'Y' query "KU0HN"<->"KU0HN-10": outstanding=1
Sep 24 19:29:59 CarKit tncd[142431]: agwpe: handle_frame: port=0 kind=0x59 from="KU0HN" to="KU0HN-10" len=0
Sep 24 19:29:59 CarKit tncd[142431]: agwpe: 'Y' query "KU0HN"<->"KU0HN-10": outstanding=1
Sep 24 19:29:59 CarKit tncd[142431]: agwpe: handle_frame: port=0 kind=0x59 from="KU0HN" to="KU0HN-10" len=0
Sep 24 19:29:59 CarKit tncd[142431]: agwpe: 'Y' query "KU0HN"<->"KU0HN-10": outstanding=1
Sep 24 19:29:59 CarKit tncd[142431]: agwpe: handle_frame: port=0 kind=0x44 from="KU0HN" to="KU0HN-10" len=31
Sep 24 19:29:59 CarKit tncd[142431]: agwpe: handle_frame: port=0 kind=0x59 from="KU0HN" to="KU0HN-10" len=0
Sep 24 19:29:59 CarKit tncd[142431]: agwpe: 'Y' query "KU0HN"<->"KU0HN-10": outstanding=2
Sep 24 19:29:59 CarKit tncd[142431]: agwpe: handle_frame: port=0 kind=0x59 from="KU0HN" to="KU0HN-10" len=0
Sep 24 19:29:59 CarKit tncd[142431]: agwpe: 'Y' query "KU0HN"<->"KU0HN-10": outstanding=2
Sep 24 19:29:59 CarKit tncd[142431]: agwpe: handle_frame: port=0 kind=0x59 from="KU0HN" to="KU0HN-10" len=0
Sep 24 19:29:59 CarKit tncd[142431]: agwpe: 'Y' query "KU0HN"<->"KU0HN-10": outstanding=2
Sep 24 19:29:59 CarKit tncd[142431]: agwpe: handle_frame: port=0 kind=0x59 from="KU0HN" to="KU0HN-10" len=0
Sep 24 19:29:59 CarKit tncd[142431]: agwpe: 'Y' query "KU0HN"<->"KU0HN-10": outstanding=2
Sep 24 19:29:59 CarKit tncd[142431]: agwpe: handle_frame: port=0 kind=0x59 from="KU0HN" to="KU0HN-10" len=0
Sep 24 19:29:59 CarKit tncd[142431]: agwpe: 'Y' query "KU0HN"<->"KU0HN-10": outstanding=2
Sep 24 19:30:00 CarKit tncd[142431]: agwpe: handle_frame: port=0 kind=0x59 from="KU0HN" to="KU0HN-10" len=0
Sep 24 19:30:00 CarKit tncd[142431]: agwpe: 'Y' query "KU0HN"<->"KU0HN-10": outstanding=2
Sep 24 19:30:00 CarKit tncd[142431]: agwpe: handle_frame: port=0 kind=0x59 from="KU0HN" to="KU0HN-10" len=0
Sep 24 19:30:00 CarKit tncd[142431]: agwpe: 'Y' query "KU0HN"<->"KU0HN-10": outstanding=2
Sep 24 19:30:00 CarKit tncd[142431]: agwpe: handle_frame: port=0 kind=0x59 from="KU0HN" to="KU0HN-10" len=0
Sep 24 19:30:00 CarKit tncd[142431]: agwpe: 'Y' query "KU0HN"<->"KU0HN-10": outstanding=2
Sep 24 19:30:00 CarKit tncd[142431]: agwpe: handle_frame: port=0 kind=0x59 from="KU0HN" to="KU0HN-10" len=0
Sep 24 19:30:00 CarKit tncd[142431]: agwpe: 'Y' query "KU0HN"<->"KU0HN-10": outstanding=2
Sep 24 19:30:00 CarKit tncd[142431]: agwpe: handle_frame: port=0 kind=0x59 from="KU0HN" to="KU0HN-10" len=0
Sep 24 19:30:00 CarKit tncd[142431]: agwpe: 'Y' query "KU0HN"<->"KU0HN-10": outstanding=2
Sep 24 19:30:01 CarKit tncd[142431]: agwpe: handle_frame: port=0 kind=0x59 from="KU0HN" to="KU0HN-10" len=0
Sep 24 19:30:01 CarKit tncd[142431]: agwpe: 'Y' query "KU0HN"<->"KU0HN-10": outstanding=2
Sep 24 19:30:01 CarKit tncd[142431]: agwpe: handle_frame: port=0 kind=0x59 from="KU0HN" to="KU0HN-10" len=0
Sep 24 19:30:01 CarKit tncd[142431]: agwpe: 'Y' query "KU0HN"<->"KU0HN-10": outstanding=2
Sep 24 19:30:01 CarKit tncd[142431]: agwpe: handle_frame: port=0 kind=0x59 from="KU0HN" to="KU0HN-10" len=0
Sep 24 19:30:01 CarKit tncd[142431]: agwpe: 'Y' query "KU0HN"<->"KU0HN-10": outstanding=2
Sep 24 19:30:01 CarKit tncd[142431]: agwpe: handle_frame: port=0 kind=0x59 from="KU0HN" to="KU0HN-10" len=0
Sep 24 19:30:01 CarKit tncd[142431]: agwpe: 'Y' query "KU0HN"<->"KU0HN-10": outstanding=2
Sep 24 19:30:01 CarKit tncd[142431]: agwpe: handle_frame: port=0 kind=0x59 from="KU0HN" to="KU0HN-10" len=0
Sep 24 19:30:01 CarKit tncd[142431]: agwpe: 'Y' query "KU0HN"<->"KU0HN-10": outstanding=2
Sep 24 19:30:02 CarKit tncd[142431]: agwpe: handle_frame: port=0 kind=0x59 from="KU0HN" to="KU0HN-10" len=0
Sep 24 19:30:02 CarKit tncd[142431]: agwpe: 'Y' query "KU0HN"<->"KU0HN-10": outstanding=2
Sep 24 19:30:02 CarKit tncd[142431]: agwpe: handle_frame: port=0 kind=0x59 from="KU0HN" to="KU0HN-10" len=0
Sep 24 19:30:02 CarKit tncd[142431]: agwpe: 'Y' query "KU0HN"<->"KU0HN-10": outstanding=2
Sep 24 19:30:02 CarKit tncd[142431]: agwpe: handle_frame: port=0 kind=0x59 from="KU0HN" to="KU0HN-10" len=0
Sep 24 19:30:02 CarKit tncd[142431]: agwpe: 'Y' query "KU0HN"<->"KU0HN-10": outstanding=2
Sep 24 19:30:02 CarKit tncd[142431]: agwpe: handle_frame: port=0 kind=0x59 from="KU0HN" to="KU0HN-10" len=0
Sep 24 19:30:02 CarKit tncd[142431]: agwpe: 'Y' query "KU0HN"<->"KU0HN-10": outstanding=2
Sep 24 19:30:02 CarKit tncd[142431]: agwpe: handle_frame: port=0 kind=0x59 from="KU0HN" to="KU0HN-10" len=0
Sep 24 19:30:02 CarKit tncd[142431]: agwpe: 'Y' query "KU0HN"<->"KU0HN-10": outstanding=2
Sep 24 19:30:03 CarKit tncd[142431]: agwpe: handle_frame: port=0 kind=0x59 from="KU0HN" to="KU0HN-10" len=0
Sep 24 19:30:03 CarKit tncd[142431]: agwpe: 'Y' query "KU0HN"<->"KU0HN-10": outstanding=2
Sep 24 19:30:03 CarKit tncd[142431]: agwpe: handle_frame: port=0 kind=0x59 from="KU0HN" to="KU0HN-10" len=0
Sep 24 19:30:03 CarKit tncd[142431]: agwpe: 'Y' query "KU0HN"<->"KU0HN-10": outstanding=2
Sep 24 19:30:03 CarKit tncd[142431]: agwpe: handle_frame: port=0 kind=0x59 from="KU0HN" to="KU0HN-10" len=0
Sep 24 19:30:03 CarKit tncd[142431]: agwpe: 'Y' query "KU0HN"<->"KU0HN-10": outstanding=2
Sep 24 19:30:03 CarKit tncd[142431]: agwpe: handle_frame: port=0 kind=0x59 from="KU0HN" to="KU0HN-10" len=0
Sep 24 19:30:03 CarKit tncd[142431]: agwpe: 'Y' query "KU0HN"<->"KU0HN-10": outstanding=2
Sep 24 19:30:03 CarKit tncd[142431]: agwpe: handle_frame: port=0 kind=0x59 from="KU0HN" to="KU0HN-10" len=0
Sep 24 19:30:03 CarKit tncd[142431]: agwpe: 'Y' query "KU0HN"<->"KU0HN-10": outstanding=2
Sep 24 19:30:04 CarKit tncd[142431]: agwpe: handle_frame: port=0 kind=0x59 from="KU0HN" to="KU0HN-10" len=0
Sep 24 19:30:04 CarKit tncd[142431]: agwpe: 'Y' query "KU0HN"<->"KU0HN-10": outstanding=2
Sep 24 19:30:04 CarKit tncd[142431]: agwpe: handle_frame: port=0 kind=0x59 from="KU0HN" to="KU0HN-10" len=0
Sep 24 19:30:04 CarKit tncd[142431]: agwpe: 'Y' query "KU0HN"<->"KU0HN-10": outstanding=2
Sep 24 19:30:04 CarKit tncd[142431]: agwpe: handle_frame: port=0 kind=0x59 from="KU0HN" to="KU0HN-10" len=0
Sep 24 19:30:04 CarKit tncd[142431]: agwpe: 'Y' query "KU0HN"<->"KU0HN-10": outstanding=2
Sep 24 19:30:04 CarKit tncd[142431]: agwpe: handle_frame: port=0 kind=0x59 from="KU0HN" to="KU0HN-10" len=0
Sep 24 19:30:04 CarKit tncd[142431]: agwpe: 'Y' query "KU0HN"<->"KU0HN-10": outstanding=2
Sep 24 19:30:04 CarKit tncd[142431]: agwpe: handle_frame: port=0 kind=0x59 from="KU0HN" to="KU0HN-10" len=0
Sep 24 19:30:04 CarKit tncd[142431]: agwpe: 'Y' query "KU0HN"<->"KU0HN-10": outstanding=2
Sep 24 19:30:05 CarKit tncd[142431]: agwpe: handle_frame: port=0 kind=0x59 from="KU0HN" to="KU0HN-10" len=0
Sep 24 19:30:05 CarKit tncd[142431]: agwpe: 'Y' query "KU0HN"<->"KU0HN-10": outstanding=2
Sep 24 19:30:05 CarKit tncd[142431]: agwpe: handle_frame: port=0 kind=0x59 from="KU0HN" to="KU0HN-10" len=0
Sep 24 19:30:05 CarKit tncd[142431]: agwpe: 'Y' query "KU0HN"<->"KU0HN-10": outstanding=2
Sep 24 19:30:05 CarKit tncd[142431]: agwpe: handle_frame: port=0 kind=0x59 from="KU0HN" to="KU0HN-10" len=0
Sep 24 19:30:05 CarKit tncd[142431]: agwpe: 'Y' query "KU0HN"<->"KU0HN-10": outstanding=2
Sep 24 19:30:05 CarKit tncd[142431]: agwpe: handle_frame: port=0 kind=0x59 from="KU0HN" to="KU0HN-10" len=0
Sep 24 19:30:05 CarKit tncd[142431]: agwpe: 'Y' query "KU0HN"<->"KU0HN-10": outstanding=2
Sep 24 19:30:05 CarKit tncd[142431]: agwpe: handle_frame: port=0 kind=0x59 from="KU0HN" to="KU0HN-10" len=0
Sep 24 19:30:05 CarKit tncd[142431]: agwpe: 'Y' query "KU0HN"<->"KU0HN-10": outstanding=2
Sep 24 19:30:06 CarKit tncd[142431]: agwpe: handle_frame: port=0 kind=0x59 from="KU0HN" to="KU0HN-10" len=0
Sep 24 19:30:06 CarKit tncd[142431]: agwpe: 'Y' query "KU0HN"<->"KU0HN-10": outstanding=2
Sep 24 19:30:06 CarKit tncd[142431]: agwpe: handle_frame: port=0 kind=0x59 from="KU0HN" to="KU0HN-10" len=0
Sep 24 19:30:06 CarKit tncd[142431]: agwpe: 'Y' query "KU0HN"<->"KU0HN-10": outstanding=2
Sep 24 19:30:06 CarKit tncd[142431]: agwpe: handle_frame: port=0 kind=0x59 from="KU0HN" to="KU0HN-10" len=0
Sep 24 19:30:06 CarKit tncd[142431]: agwpe: 'Y' query "KU0HN"<->"KU0HN-10": outstanding=2
Sep 24 19:30:06 CarKit tncd[142431]: agwpe: handle_frame: port=0 kind=0x59 from="KU0HN" to="KU0HN-10" len=0
Sep 24 19:30:06 CarKit tncd[142431]: agwpe: 'Y' query "KU0HN"<->"KU0HN-10": outstanding=2
Sep 24 19:30:06 CarKit tncd[142431]: agwpe: handle_frame: port=0 kind=0x59 from="KU0HN" to="KU0HN-10" len=0
Sep 24 19:30:06 CarKit tncd[142431]: agwpe: 'Y' query "KU0HN"<->"KU0HN-10": outstanding=2
Sep 24 19:30:07 CarKit tncd[142431]: agwpe: handle_frame: port=0 kind=0x59 from="KU0HN" to="KU0HN-10" len=0
Sep 24 19:30:07 CarKit tncd[142431]: agwpe: 'Y' query "KU0HN"<->"KU0HN-10": outstanding=2
Sep 24 19:30:07 CarKit tncd[142431]: agwpe: handle_frame: port=0 kind=0x59 from="KU0HN" to="KU0HN-10" len=0
Sep 24 19:30:07 CarKit tncd[142431]: agwpe: 'Y' query "KU0HN"<->"KU0HN-10": outstanding=2
Sep 24 19:30:07 CarKit tncd[142431]: agwpe: handle_frame: port=0 kind=0x59 from="KU0HN" to="KU0HN-10" len=0
Sep 24 19:30:07 CarKit tncd[142431]: agwpe: 'Y' query "KU0HN"<->"KU0HN-10": outstanding=2
Sep 24 19:30:07 CarKit tncd[142431]: agwpe: handle_frame: port=0 kind=0x59 from="KU0HN" to="KU0HN-10" len=0
Sep 24 19:30:07 CarKit tncd[142431]: agwpe: 'Y' query "KU0HN"<->"KU0HN-10": outstanding=2
Sep 24 19:30:07 CarKit tncd[142431]: agwpe: handle_frame: port=0 kind=0x59 from="KU0HN" to="KU0HN-10" len=0
Sep 24 19:30:07 CarKit tncd[142431]: agwpe: 'Y' query "KU0HN"<->"KU0HN-10": outstanding=2
Sep 24 19:30:08 CarKit tncd[142431]: agwpe: handle_frame: port=0 kind=0x59 from="KU0HN" to="KU0HN-10" len=0
Sep 24 19:30:08 CarKit tncd[142431]: agwpe: 'Y' query "KU0HN"<->"KU0HN-10": outstanding=2
Sep 24 19:30:08 CarKit tncd[142431]: agwpe: handle_frame: port=0 kind=0x59 from="KU0HN" to="KU0HN-10" len=0
Sep 24 19:30:08 CarKit tncd[142431]: agwpe: 'Y' query "KU0HN"<->"KU0HN-10": outstanding=2
Sep 24 19:30:08 CarKit tncd[142431]: agwpe: handle_frame: port=0 kind=0x59 from="KU0HN" to="KU0HN-10" len=0
Sep 24 19:30:08 CarKit tncd[142431]: agwpe: 'Y' query "KU0HN"<->"KU0HN-10": outstanding=2
Sep 24 19:30:08 CarKit tncd[142431]: agwpe: handle_frame: port=0 kind=0x59 from="KU0HN" to="KU0HN-10" len=0
Sep 24 19:30:08 CarKit tncd[142431]: agwpe: 'Y' query "KU0HN"<->"KU0HN-10": outstanding=2
Sep 24 19:30:08 CarKit tncd[142431]: agwpe: handle_frame: port=0 kind=0x59 from="KU0HN" to="KU0HN-10" len=0
Sep 24 19:30:08 CarKit tncd[142431]: agwpe: 'Y' query "KU0HN"<->"KU0HN-10": outstanding=2
Sep 24 19:30:09 CarKit tncd[142431]: bridge: port 0 still wedged after 3 relinks -- reconnecting is not clearing it; reset the Bluetooth adapter or power-cycle the TNC (consider serial/tcp for this port)
Sep 24 19:30:09 CarKit tncd[142431]: agwpe: handle_frame: port=0 kind=0x59 from="KU0HN" to="KU0HN-10" len=0
Sep 24 19:30:09 CarKit tncd[142431]: agwpe: 'Y' query "KU0HN"<->"KU0HN-10": outstanding=2
Sep 24 19:30:09 CarKit tncd[142431]: agwpe: handle_frame: port=0 kind=0x59 from="KU0HN" to="KU0HN-10" len=0
Sep 24 19:30:09 CarKit tncd[142431]: agwpe: 'Y' query "KU0HN"<->"KU0HN-10": outstanding=2
Sep 24 19:30:09 CarKit tncd[142431]: agwpe: handle_frame: port=0 kind=0x59 from="KU0HN" to="KU0HN-10" len=0
Sep 24 19:30:09 CarKit tncd[142431]: agwpe: 'Y' query "KU0HN"<->"KU0HN-10": outstanding=2
Sep 24 19:30:09 CarKit tncd[142431]: agwpe: handle_frame: port=0 kind=0x59 from="KU0HN" to="KU0HN-10" len=0
Sep 24 19:30:09 CarKit tncd[142431]: agwpe: 'Y' query "KU0HN"<->"KU0HN-10": outstanding=2
Sep 24 19:30:09 CarKit tncd[142431]: agwpe: handle_frame: port=0 kind=0x59 from="KU0HN" to="KU0HN-10" len=0
Sep 24 19:30:09 CarKit tncd[142431]: agwpe: 'Y' query "KU0HN"<->"KU0HN-10": outstanding=2
Sep 24 19:30:10 CarKit tncd[142431]: agwpe: handle_frame: port=0 kind=0x59 from="KU0HN" to="KU0HN-10" len=0
Sep 24 19:30:10 CarKit tncd[142431]: agwpe: 'Y' query "KU0HN"<->"KU0HN-10": outstanding=2
Sep 24 19:30:10 CarKit tncd[142431]: agwpe: handle_frame: port=0 kind=0x59 from="KU0HN" to="KU0HN-10" len=0
Sep 24 19:30:10 CarKit tncd[142431]: agwpe: 'Y' query "KU0HN"<->"KU0HN-10": outstanding=2
Sep 24 19:30:10 CarKit tncd[142431]: agwpe: handle_frame: port=0 kind=0x59 from="KU0HN" to="KU0HN-10" len=0
Sep 24 19:30:10 CarKit tncd[142431]: agwpe: 'Y' query "KU0HN"<->"KU0HN-10": outstanding=2
Sep 24 19:30:10 CarKit tncd[142431]: agwpe: handle_frame: port=0 kind=0x59 from="KU0HN" to="KU0HN-10" len=0
Sep 24 19:30:10 CarKit tncd[142431]: agwpe: 'Y' query "KU0HN"<->"KU0HN-10": outstanding=2
Sep 24 19:30:10 CarKit tncd[142431]: agwpe: handle_frame: port=0 kind=0x59 from="KU0HN" to="KU0HN-10" len=0
Sep 24 19:30:10 CarKit tncd[142431]: agwpe: 'Y' query "KU0HN"<->"KU0HN-10": outstanding=2
Sep 24 19:30:11 CarKit tncd[142431]: bluetooth: 38:D2:00:01:67:9D already connected, disconnecting first
Sep 24 19:30:11 CarKit tncd[142431]: bluetooth: RequestDisconnection: /org/bluez/hci0/dev_38_D2_00_01_67_9D
Sep 24 19:30:11 CarKit tncd[142431]: agwpe: handle_frame: port=0 kind=0x59 from="KU0HN" to="KU0HN-10" len=0
Sep 24 19:30:11 CarKit tncd[142431]: agwpe: 'Y' query "KU0HN"<->"KU0HN-10": outstanding=2
Sep 24 19:30:11 CarKit tncd[142431]: agwpe: handle_frame: port=0 kind=0x59 from="KU0HN" to="KU0HN-10" len=0
Sep 24 19:30:11 CarKit tncd[142431]: agwpe: 'Y' query "KU0HN"<->"KU0HN-10": outstanding=2
Sep 24 19:30:11 CarKit tncd[142431]: agwpe: handle_frame: port=0 kind=0x59 from="KU0HN" to="KU0HN-10" len=0
Sep 24 19:30:11 CarKit tncd[142431]: agwpe: 'Y' query "KU0HN"<->"KU0HN-10": outstanding=2
Sep 24 19:30:11 CarKit tncd[142431]: agwpe: handle_frame: port=0 kind=0x59 from="KU0HN" to="KU0HN-10" len=0
Sep 24 19:30:11 CarKit tncd[142431]: agwpe: 'Y' query "KU0HN"<->"KU0HN-10": outstanding=2
Sep 24 19:30:11 CarKit tncd[142431]: agwpe: handle_frame: port=0 kind=0x59 from="KU0HN" to="KU0HN-10" len=0
Sep 24 19:30:11 CarKit tncd[142431]: agwpe: 'Y' query "KU0HN"<->"KU0HN-10": outstanding=2
Sep 24 19:30:12 CarKit tncd[142431]: agwpe: handle_frame: port=0 kind=0x59 from="KU0HN" to="KU0HN-10" len=0
Sep 24 19:30:12 CarKit tncd[142431]: agwpe: 'Y' query "KU0HN"<->"KU0HN-10": outstanding=2
Sep 24 19:30:12 CarKit tncd[142431]: agwpe: handle_frame: port=0 kind=0x59 from="KU0HN" to="KU0HN-10" len=0
Sep 24 19:30:12 CarKit tncd[142431]: agwpe: 'Y' query "KU0HN"<->"KU0HN-10": outstanding=2
Sep 24 19:30:12 CarKit tncd[142431]: agwpe: handle_frame: port=0 kind=0x59 from="KU0HN" to="KU0HN-10" len=0
Sep 24 19:30:12 CarKit tncd[142431]: agwpe: 'Y' query "KU0HN"<->"KU0HN-10": outstanding=2
Sep 24 19:30:12 CarKit tncd[142431]: agwpe: handle_frame: port=0 kind=0x59 from="KU0HN" to="KU0HN-10" len=0
Sep 24 19:30:12 CarKit tncd[142431]: agwpe: 'Y' query "KU0HN"<->"KU0HN-10": outstanding=2
Sep 24 19:30:12 CarKit tncd[142431]: agwpe: handle_frame: port=0 kind=0x59 from="KU0HN" to="KU0HN-10" len=0
Sep 24 19:30:12 CarKit tncd[142431]: agwpe: 'Y' query "KU0HN"<->"KU0HN-10": outstanding=2
Sep 24 19:30:13 CarKit tncd[142431]: agwpe: handle_frame: port=0 kind=0x59 from="KU0HN" to="KU0HN-10" len=0
Sep 24 19:30:13 CarKit tncd[142431]: agwpe: 'Y' query "KU0HN"<->"KU0HN-10": outstanding=2
Sep 24 19:30:13 CarKit tncd[142431]: agwpe: handle_frame: port=0 kind=0x59 from="KU0HN" to="KU0HN-10" len=0
Sep 24 19:30:13 CarKit tncd[142431]: agwpe: 'Y' query "KU0HN"<->"KU0HN-10": outstanding=2
Sep 24 19:30:13 CarKit tncd[142431]: bluetooth: calling ConnectProfile on /org/bluez/hci0/dev_38_D2_00_01_67_9D
Sep 24 19:30:13 CarKit tncd[142431]: agwpe: handle_frame: port=0 kind=0x59 from="KU0HN" to="KU0HN-10" len=0
Sep 24 19:30:13 CarKit tncd[142431]: agwpe: 'Y' query "KU0HN"<->"KU0HN-10": outstanding=2
Sep 24 19:30:13 CarKit tncd[142431]: agwpe: handle_frame: port=0 kind=0x59 from="KU0HN" to="KU0HN-10" len=0
Sep 24 19:30:13 CarKit tncd[142431]: agwpe: 'Y' query "KU0HN"<->"KU0HN-10": outstanding=2
Sep 24 19:30:13 CarKit tncd[142431]: agwpe: handle_frame: port=0 kind=0x59 from="KU0HN" to="KU0HN-10" len=0
Sep 24 19:30:13 CarKit tncd[142431]: agwpe: 'Y' query "KU0HN"<->"KU0HN-10": outstanding=2
Sep 24 19:30:14 CarKit tncd[142431]: agwpe: handle_frame: port=0 kind=0x59 from="KU0HN" to="KU0HN-10" len=0
Sep 24 19:30:14 CarKit tncd[142431]: agwpe: 'Y' query "KU0HN"<->"KU0HN-10": outstanding=2
Sep 24 19:30:14 CarKit tncd[142431]: agwpe: handle_frame: port=0 kind=0x59 from="KU0HN" to="KU0HN-10" len=0
Sep 24 19:30:14 CarKit tncd[142431]: agwpe: 'Y' query "KU0HN"<->"KU0HN-10": outstanding=2
Sep 24 19:30:14 CarKit tncd[142431]: agwpe: handle_frame: port=0 kind=0x59 from="KU0HN" to="KU0HN-10" len=0
Sep 24 19:30:14 CarKit tncd[142431]: agwpe: 'Y' query "KU0HN"<->"KU0HN-10": outstanding=2
Sep 24 19:30:14 CarKit tncd[142431]: agwpe: handle_frame: port=0 kind=0x59 from="KU0HN" to="KU0HN-10" len=0
Sep 24 19:30:14 CarKit tncd[142431]: agwpe: 'Y' query "KU0HN"<->"KU0HN-10": outstanding=2
Sep 24 19:30:14 CarKit tncd[142431]: agwpe: handle_frame: port=0 kind=0x59 from="KU0HN" to="KU0HN-10" len=0
Sep 24 19:30:14 CarKit tncd[142431]: agwpe: 'Y' query "KU0HN"<->"KU0HN-10": outstanding=2
Sep 24 19:30:15 CarKit tncd[142431]: agwpe: handle_frame: port=0 kind=0x59 from="KU0HN" to="KU0HN-10" len=0
Sep 24 19:30:15 CarKit tncd[142431]: agwpe: 'Y' query "KU0HN"<->"KU0HN-10": outstanding=2
Sep 24 19:30:15 CarKit tncd[142431]: agwpe: handle_frame: port=0 kind=0x59 from="KU0HN" to="KU0HN-10" len=0
Sep 24 19:30:15 CarKit tncd[142431]: agwpe: 'Y' query "KU0HN"<->"KU0HN-10": outstanding=2
Sep 24 19:30:15 CarKit tncd[142431]: agwpe: handle_frame: port=0 kind=0x59 from="KU0HN" to="KU0HN-10" len=0
Sep 24 19:30:15 CarKit tncd[142431]: agwpe: 'Y' query "KU0HN"<->"KU0HN-10": outstanding=2
Sep 24 19:30:15 CarKit tncd[142431]: agwpe: handle_frame: port=0 kind=0x59 from="KU0HN" to="KU0HN-10" len=0
Sep 24 19:30:15 CarKit tncd[142431]: agwpe: 'Y' query "KU0HN"<->"KU0HN-10": outstanding=2
Sep 24 19:30:15 CarKit tncd[142431]: agwpe: handle_frame: port=0 kind=0x59 from="KU0HN" to="KU0HN-10" len=0
Sep 24 19:30:15 CarKit tncd[142431]: agwpe: 'Y' query "KU0HN"<->"KU0HN-10": outstanding=2
Sep 24 19:30:16 CarKit tncd[142431]: agwpe: handle_frame: port=0 kind=0x59 from="KU0HN" to="KU0HN-10" len=0
Sep 24 19:30:16 CarKit tncd[142431]: agwpe: 'Y' query "KU0HN"<->"KU0HN-10": outstanding=2
Sep 24 19:30:16 CarKit tncd[142431]: agwpe: handle_frame: port=0 kind=0x59 from="KU0HN" to="KU0HN-10" len=0
Sep 24 19:30:16 CarKit tncd[142431]: agwpe: 'Y' query "KU0HN"<->"KU0HN-10": outstanding=2
Sep 24 19:30:16 CarKit tncd[142431]: agwpe: handle_frame: port=0 kind=0x59 from="KU0HN" to="KU0HN-10" len=0
Sep 24 19:30:16 CarKit tncd[142431]: agwpe: 'Y' query "KU0HN"<->"KU0HN-10": outstanding=2
Sep 24 19:30:16 CarKit tncd[142431]: agwpe: handle_frame: port=0 kind=0x59 from="KU0HN" to="KU0HN-10" len=0
Sep 24 19:30:16 CarKit tncd[142431]: agwpe: 'Y' query "KU0HN"<->"KU0HN-10": outstanding=2
Sep 24 19:30:16 CarKit tncd[142431]: agwpe: handle_frame: port=0 kind=0x59 from="KU0HN" to="KU0HN-10" len=0
Sep 24 19:30:16 CarKit tncd[142431]: agwpe: 'Y' query "KU0HN"<->"KU0HN-10": outstanding=2
Sep 24 19:30:17 CarKit tncd[142431]: agwpe: handle_frame: port=0 kind=0x59 from="KU0HN" to="KU0HN-10" len=0
Sep 24 19:30:17 CarKit tncd[142431]: agwpe: 'Y' query "KU0HN"<->"KU0HN-10": outstanding=2
Sep 24 19:30:17 CarKit tncd[142431]: agwpe: handle_frame: port=0 kind=0x59 from="KU0HN" to="KU0HN-10" len=0
Sep 24 19:30:17 CarKit tncd[142431]: agwpe: 'Y' query "KU0HN"<->"KU0HN-10": outstanding=2
Sep 24 19:30:17 CarKit tncd[142431]: agwpe: handle_frame: port=0 kind=0x59 from="KU0HN" to="KU0HN-10" len=0
Sep 24 19:30:17 CarKit tncd[142431]: agwpe: 'Y' query "KU0HN"<->"KU0HN-10": outstanding=2
Sep 24 19:30:17 CarKit tncd[142431]: agwpe: handle_frame: port=0 kind=0x59 from="KU0HN" to="KU0HN-10" len=0
Sep 24 19:30:17 CarKit tncd[142431]: agwpe: 'Y' query "KU0HN"<->"KU0HN-10": outstanding=2
Sep 24 19:30:17 CarKit tncd[142431]: agwpe: handle_frame: port=0 kind=0x59 from="KU0HN" to="KU0HN-10" len=0
Sep 24 19:30:17 CarKit tncd[142431]: agwpe: 'Y' query "KU0HN"<->"KU0HN-10": outstanding=2
Sep 24 19:30:18 CarKit tncd[142431]: agwpe: handle_frame: port=0 kind=0x59 from="KU0HN" to="KU0HN-10" len=0
Sep 24 19:30:18 CarKit tncd[142431]: agwpe: 'Y' query "KU0HN"<->"KU0HN-10": outstanding=2
Sep 24 19:30:18 CarKit tncd[142431]: bluetooth: NewConnection: path=/org/bluez/hci0/dev_38_D2_00_01_67_9D fd=12
Sep 24 19:30:18 CarKit tncd[142431]: bluetooth: SPP socket ready (fd=12) for 38:D2:00:01:67:9D
Sep 24 19:30:18 CarKit tncd[142431]: bluetooth: 38:D2:00:01:67:9D dropped audio profile 0000111e-0000-1000-8000-00805f9b34fb
Sep 24 19:30:18 CarKit tncd[142431]: bluetooth: 38:D2:00:01:67:9D dropped audio profile 0000111f-0000-1000-8000-00805f9b34fb
Sep 24 19:30:18 CarKit tncd[142431]: bridge: port 0 online
Sep 24 19:30:18 CarKit tncd[142431]: agwpe: handle_frame: port=0 kind=0x59 from="KU0HN" to="KU0HN-10" len=0
Sep 24 19:30:18 CarKit tncd[142431]: agwpe: 'Y' query "KU0HN"<->"KU0HN-10": outstanding=2
Sep 24 19:30:18 CarKit tncd[142431]: agwpe: handle_frame: port=0 kind=0x59 from="KU0HN" to="KU0HN-10" len=0
Sep 24 19:30:18 CarKit tncd[142431]: agwpe: 'Y' query "KU0HN"<->"KU0HN-10": outstanding=2
Sep 24 19:30:18 CarKit tncd[142431]: agwpe: handle_frame: port=0 kind=0x59 from="KU0HN" to="KU0HN-10" len=0
Sep 24 19:30:18 CarKit tncd[142431]: agwpe: 'Y' query "KU0HN"<->"KU0HN-10": outstanding=2
Sep 24 19:30:18 CarKit tncd[142431]: agwpe: handle_frame: port=0 kind=0x59 from="KU0HN" to="KU0HN-10" len=0
Sep 24 19:30:18 CarKit tncd[142431]: agwpe: 'Y' query "KU0HN"<->"KU0HN-10": outstanding=2
Sep 24 19:30:19 CarKit tncd[142431]: agwpe: handle_frame: port=0 kind=0x59 from="KU0HN" to="KU0HN-10" len=0
Sep 24 19:30:19 CarKit tncd[142431]: agwpe: 'Y' query "KU0HN"<->"KU0HN-10": outstanding=2
Sep 24 19:30:19 CarKit tncd[142431]: agwpe: handle_frame: port=0 kind=0x59 from="KU0HN" to="KU0HN-10" len=0
Sep 24 19:30:19 CarKit tncd[142431]: agwpe: 'Y' query "KU0HN"<->"KU0HN-10": outstanding=2
Sep 24 19:30:19 CarKit tncd[142431]: agwpe: handle_frame: port=0 kind=0x59 from="KU0HN" to="KU0HN-10" len=0
Sep 24 19:30:19 CarKit tncd[142431]: agwpe: 'Y' query "KU0HN"<->"KU0HN-10": outstanding=2
Sep 24 19:30:19 CarKit tncd[142431]: agwpe: handle_frame: port=0 kind=0x59 from="KU0HN" to="KU0HN-10" len=0
Sep 24 19:30:19 CarKit tncd[142431]: agwpe: 'Y' query "KU0HN"<->"KU0HN-10": outstanding=2
Sep 24 19:30:19 CarKit tncd[142431]: agwpe: handle_frame: port=0 kind=0x59 from="KU0HN" to="KU0HN-10" len=0
Sep 24 19:30:19 CarKit tncd[142431]: agwpe: 'Y' query "KU0HN"<->"KU0HN-10": outstanding=2
Sep 24 19:30:20 CarKit tncd[142431]: agwpe: handle_frame: port=0 kind=0x59 from="KU0HN" to="KU0HN-10" len=0
Sep 24 19:30:20 CarKit tncd[142431]: agwpe: 'Y' query "KU0HN"<->"KU0HN-10": outstanding=2
Sep 24 19:30:20 CarKit tncd[142431]: agwpe: handle_frame: port=0 kind=0x59 from="KU0HN" to="KU0HN-10" len=0
Sep 24 19:30:20 CarKit tncd[142431]: agwpe: 'Y' query "KU0HN"<->"KU0HN-10": outstanding=2
Sep 24 19:30:20 CarKit tncd[142431]: agwpe: handle_frame: port=0 kind=0x59 from="KU0HN" to="KU0HN-10" len=0
Sep 24 19:30:20 CarKit tncd[142431]: agwpe: 'Y' query "KU0HN"<->"KU0HN-10": outstanding=2
Sep 24 19:30:20 CarKit tncd[142431]: agwpe: handle_frame: port=0 kind=0x59 from="KU0HN" to="KU0HN-10" len=0
Sep 24 19:30:20 CarKit tncd[142431]: agwpe: 'Y' query "KU0HN"<->"KU0HN-10": outstanding=2
Sep 24 19:30:20 CarKit tncd[142431]: agwpe: handle_frame: port=0 kind=0x59 from="KU0HN" to="KU0HN-10" len=0
Sep 24 19:30:20 CarKit tncd[142431]: agwpe: 'Y' query "KU0HN"<->"KU0HN-10": outstanding=2
Sep 24 19:30:21 CarKit tncd[142431]: agwpe: handle_frame: port=0 kind=0x59 from="KU0HN" to="KU0HN-10" len=0
Sep 24 19:30:21 CarKit tncd[142431]: agwpe: 'Y' query "KU0HN"<->"KU0HN-10": outstanding=2
Sep 24 19:30:21 CarKit tncd[142431]: agwpe: handle_frame: port=0 kind=0x59 from="KU0HN" to="KU0HN-10" len=0
Sep 24 19:30:21 CarKit tncd[142431]: agwpe: 'Y' query "KU0HN"<->"KU0HN-10": outstanding=2
Sep 24 19:30:21 CarKit tncd[142431]: agwpe: handle_frame: port=0 kind=0x59 from="KU0HN" to="KU0HN-10" len=0
Sep 24 19:30:21 CarKit tncd[142431]: agwpe: 'Y' query "KU0HN"<->"KU0HN-10": outstanding=2
Sep 24 19:30:21 CarKit tncd[142431]: agwpe: handle_frame: port=0 kind=0x59 from="KU0HN" to="KU0HN-10" len=0
Sep 24 19:30:21 CarKit tncd[142431]: agwpe: 'Y' query "KU0HN"<->"KU0HN-10": outstanding=2
Sep 24 19:30:21 CarKit tncd[142431]: agwpe: handle_frame: port=0 kind=0x59 from="KU0HN" to="KU0HN-10" len=0
Sep 24 19:30:21 CarKit tncd[142431]: agwpe: 'Y' query "KU0HN"<->"KU0HN-10": outstanding=2
Sep 24 19:30:22 CarKit tncd[142431]: agwpe: handle_frame: port=0 kind=0x59 from="KU0HN" to="KU0HN-10" len=0
Sep 24 19:30:22 CarKit tncd[142431]: agwpe: 'Y' query "KU0HN"<->"KU0HN-10": outstanding=2
Sep 24 19:30:22 CarKit tncd[142431]: agwpe: handle_frame: port=0 kind=0x59 from="KU0HN" to="KU0HN-10" len=0
Sep 24 19:30:22 CarKit tncd[142431]: agwpe: 'Y' query "KU0HN"<->"KU0HN-10": outstanding=2
Sep 24 19:30:22 CarKit tncd[142431]: agwpe: handle_frame: port=0 kind=0x59 from="KU0HN" to="KU0HN-10" len=0
Sep 24 19:30:22 CarKit tncd[142431]: agwpe: 'Y' query "KU0HN"<->"KU0HN-10": outstanding=2
Sep 24 19:30:22 CarKit tncd[142431]: agwpe: handle_frame: port=0 kind=0x59 from="KU0HN" to="KU0HN-10" len=0
Sep 24 19:30:22 CarKit tncd[142431]: agwpe: 'Y' query "KU0HN"<->"KU0HN-10": outstanding=2
Sep 24 19:30:22 CarKit tncd[142431]: agwpe: handle_frame: port=0 kind=0x59 from="KU0HN" to="KU0HN-10" len=0
Sep 24 19:30:22 CarKit tncd[142431]: agwpe: 'Y' query "KU0HN"<->"KU0HN-10": outstanding=2
Sep 24 19:30:23 CarKit tncd[142431]: agwpe: handle_frame: port=0 kind=0x59 from="KU0HN" to="KU0HN-10" len=0
Sep 24 19:30:23 CarKit tncd[142431]: agwpe: 'Y' query "KU0HN"<->"KU0HN-10": outstanding=2
Sep 24 19:30:23 CarKit tncd[142431]: agwpe: handle_frame: port=0 kind=0x59 from="KU0HN" to="KU0HN-10" len=0
Sep 24 19:30:23 CarKit tncd[142431]: agwpe: 'Y' query "KU0HN"<->"KU0HN-10": outstanding=2
Sep 24 19:30:23 CarKit tncd[142431]: agwpe: handle_frame: port=0 kind=0x59 from="KU0HN" to="KU0HN-10" len=0
Sep 24 19:30:23 CarKit tncd[142431]: agwpe: 'Y' query "KU0HN"<->"KU0HN-10": outstanding=2
Sep 24 19:30:23 CarKit tncd[142431]: agwpe: handle_frame: port=0 kind=0x59 from="KU0HN" to="KU0HN-10" len=0
Sep 24 19:30:23 CarKit tncd[142431]: agwpe: 'Y' query "KU0HN"<->"KU0HN-10": outstanding=2
Sep 24 19:30:23 CarKit tncd[142431]: agwpe: handle_frame: port=0 kind=0x59 from="KU0HN" to="KU0HN-10" len=0
Sep 24 19:30:23 CarKit tncd[142431]: agwpe: 'Y' query "KU0HN"<->"KU0HN-10": outstanding=2
Sep 24 19:30:24 CarKit tncd[142431]: agwpe: handle_frame: port=0 kind=0x59 from="KU0HN" to="KU0HN-10" len=0
Sep 24 19:30:24 CarKit tncd[142431]: agwpe: 'Y' query "KU0HN"<->"KU0HN-10": outstanding=2
Sep 24 19:30:24 CarKit tncd[142431]: agwpe: handle_frame: port=0 kind=0x59 from="KU0HN" to="KU0HN-10" len=0
Sep 24 19:30:24 CarKit tncd[142431]: agwpe: 'Y' query "KU0HN"<->"KU0HN-10": outstanding=2
Sep 24 19:30:24 CarKit tncd[142431]: agwpe: handle_frame: port=0 kind=0x59 from="KU0HN" to="KU0HN-10" len=0
Sep 24 19:30:24 CarKit tncd[142431]: agwpe: 'Y' query "KU0HN"<->"KU0HN-10": outstanding=2
Sep 24 19:30:24 CarKit tncd[142431]: agwpe: handle_frame: port=0 kind=0x59 from="KU0HN" to="KU0HN-10" len=0
Sep 24 19:30:24 CarKit tncd[142431]: agwpe: 'Y' query "KU0HN"<->"KU0HN-10": outstanding=2
Sep 24 19:30:24 CarKit tncd[142431]: agwpe: handle_frame: port=0 kind=0x59 from="KU0HN" to="KU0HN-10" len=0
Sep 24 19:30:24 CarKit tncd[142431]: agwpe: 'Y' query "KU0HN"<->"KU0HN-10": outstanding=2
Sep 24 19:30:25 CarKit tncd[142431]: agwpe: handle_frame: port=0 kind=0x59 from="KU0HN" to="KU0HN-10" len=0
Sep 24 19:30:25 CarKit tncd[142431]: agwpe: 'Y' query "KU0HN"<->"KU0HN-10": outstanding=2
Sep 24 19:30:25 CarKit tncd[142431]: agwpe: handle_frame: port=0 kind=0x59 from="KU0HN" to="KU0HN-10" len=0
Sep 24 19:30:25 CarKit tncd[142431]: agwpe: 'Y' query "KU0HN"<->"KU0HN-10": outstanding=2
Sep 24 19:30:25 CarKit tncd[142431]: agwpe: handle_frame: port=0 kind=0x59 from="KU0HN" to="KU0HN-10" len=0
Sep 24 19:30:25 CarKit tncd[142431]: agwpe: 'Y' query "KU0HN"<->"KU0HN-10": outstanding=2
Sep 24 19:30:25 CarKit tncd[142431]: agwpe: handle_frame: port=0 kind=0x59 from="KU0HN" to="KU0HN-10" len=0
Sep 24 19:30:25 CarKit tncd[142431]: agwpe: 'Y' query "KU0HN"<->"KU0HN-10": outstanding=2
Sep 24 19:30:25 CarKit tncd[142431]: agwpe: handle_frame: port=0 kind=0x59 from="KU0HN" to="KU0HN-10" len=0
Sep 24 19:30:25 CarKit tncd[142431]: agwpe: 'Y' query "KU0HN"<->"KU0HN-10": outstanding=2
Sep 24 19:30:26 CarKit tncd[142431]: agwpe: handle_frame: port=0 kind=0x59 from="KU0HN" to="KU0HN-10" len=0
Sep 24 19:30:26 CarKit tncd[142431]: agwpe: 'Y' query "KU0HN"<->"KU0HN-10": outstanding=2
Sep 24 19:30:26 CarKit tncd[142431]: agwpe: handle_frame: port=0 kind=0x59 from="KU0HN" to="KU0HN-10" len=0
Sep 24 19:30:26 CarKit tncd[142431]: agwpe: 'Y' query "KU0HN"<->"KU0HN-10": outstanding=2
Sep 24 19:30:26 CarKit tncd[142431]: agwpe: handle_frame: port=0 kind=0x59 from="KU0HN" to="KU0HN-10" len=0
Sep 24 19:30:26 CarKit tncd[142431]: agwpe: 'Y' query "KU0HN"<->"KU0HN-10": outstanding=2
Sep 24 19:30:26 CarKit tncd[142431]: agwpe: handle_frame: port=0 kind=0x59 from="KU0HN" to="KU0HN-10" len=0
Sep 24 19:30:26 CarKit tncd[142431]: agwpe: 'Y' query "KU0HN"<->"KU0HN-10": outstanding=2
Sep 24 19:30:26 CarKit tncd[142431]: agwpe: handle_frame: port=0 kind=0x59 from="KU0HN" to="KU0HN-10" len=0
Sep 24 19:30:26 CarKit tncd[142431]: agwpe: 'Y' query "KU0HN"<->"KU0HN-10": outstanding=2
Sep 24 19:30:27 CarKit tncd[142431]: agwpe: handle_frame: port=0 kind=0x59 from="KU0HN" to="KU0HN-10" len=0
Sep 24 19:30:27 CarKit tncd[142431]: agwpe: 'Y' query "KU0HN"<->"KU0HN-10": outstanding=2
Sep 24 19:30:27 CarKit tncd[142431]: agwpe: handle_frame: port=0 kind=0x59 from="KU0HN" to="KU0HN-10" len=0
Sep 24 19:30:27 CarKit tncd[142431]: agwpe: 'Y' query "KU0HN"<->"KU0HN-10": outstanding=2
Sep 24 19:30:27 CarKit tncd[142431]: bluetooth: calling ConnectProfile on /org/bluez/hci0/dev_38_D2_00_01_52_8F
Sep 24 19:30:27 CarKit tncd[142431]: bluetooth: calling ConnectProfile on /org/bluez/hci0/dev_34_81_F4_AA_B3_D3
Sep 24 19:30:27 CarKit tncd[142431]: bridge: port 2 reconnect error: bluetooth: ConnectProfile: Method "ConnectProfile" with signature "s" on interface "org.bluez.Device1" doesn't exist
Sep 24 19:30:27 CarKit tncd[142431]: bridge: port 2 reconnect in 60.0s
Sep 24 19:30:27 CarKit tncd[142431]: bridge: port 1 reconnect error: bluetooth: ConnectProfile: Method "ConnectProfile" with signature "s" on interface "org.bluez.Device1" doesn't exist
Sep 24 19:30:27 CarKit tncd[142431]: bridge: port 1 reconnect in 60.0s
Sep 24 19:30:27 CarKit tncd[142431]: agwpe: handle_frame: port=0 kind=0x59 from="KU0HN" to="KU0HN-10" len=0
Sep 24 19:30:27 CarKit tncd[142431]: agwpe: 'Y' query "KU0HN"<->"KU0HN-10": outstanding=2
Sep 24 19:30:27 CarKit tncd[142431]: agwpe: handle_frame: port=0 kind=0x59 from="KU0HN" to="KU0HN-10" len=0
Sep 24 19:30:27 CarKit tncd[142431]: agwpe: 'Y' query "KU0HN"<->"KU0HN-10": outstanding=2
Sep 24 19:30:27 CarKit tncd[142431]: agwpe: handle_frame: port=0 kind=0x59 from="KU0HN" to="KU0HN-10" len=0
Sep 24 19:30:27 CarKit tncd[142431]: agwpe: 'Y' query "KU0HN"<->"KU0HN-10": outstanding=2
Sep 24 19:30:28 CarKit tncd[142431]: agwpe: handle_frame: port=0 kind=0x59 from="KU0HN" to="KU0HN-10" len=0
Sep 24 19:30:28 CarKit tncd[142431]: agwpe: 'Y' query "KU0HN"<->"KU0HN-10": outstanding=2
Sep 24 19:30:28 CarKit tncd[142431]: agwpe: handle_frame: port=0 kind=0x59 from="KU0HN" to="KU0HN-10" len=0
Sep 24 19:30:28 CarKit tncd[142431]: agwpe: 'Y' query "KU0HN"<->"KU0HN-10": outstanding=2
Sep 24 19:30:28 CarKit tncd[142431]: agwpe: handle_frame: port=0 kind=0x59 from="KU0HN" to="KU0HN-10" len=0
Sep 24 19:30:28 CarKit tncd[142431]: agwpe: 'Y' query "KU0HN"<->"KU0HN-10": outstanding=2
Sep 24 19:30:28 CarKit tncd[142431]: agwpe: handle_frame: port=0 kind=0x59 from="KU0HN" to="KU0HN-10" len=0
Sep 24 19:30:28 CarKit tncd[142431]: agwpe: 'Y' query "KU0HN"<->"KU0HN-10": outstanding=2
Sep 24 19:30:28 CarKit tncd[142431]: agwpe: handle_frame: port=0 kind=0x59 from="KU0HN" to="KU0HN-10" len=0
Sep 24 19:30:28 CarKit tncd[142431]: agwpe: 'Y' query "KU0HN"<->"KU0HN-10": outstanding=2
Sep 24 19:30:29 CarKit tncd[142431]: bridge: port 0 still wedged after 4 relinks -- reconnecting is not clearing it; reset the Bluetooth adapter or power-cycle the TNC (consider serial/tcp for this port)
Sep 24 19:30:29 CarKit tncd[142431]: agwpe: handle_frame: port=0 kind=0x59 from="KU0HN" to="KU0HN-10" len=0
Sep 24 19:30:29 CarKit tncd[142431]: agwpe: 'Y' query "KU0HN"<->"KU0HN-10": outstanding=2
Sep 24 19:30:29 CarKit tncd[142431]: agwpe: handle_frame: port=0 kind=0x59 from="KU0HN" to="KU0HN-10" len=0
Sep 24 19:30:29 CarKit tncd[142431]: agwpe: 'Y' query "KU0HN"<->"KU0HN-10": outstanding=2
Sep 24 19:30:29 CarKit tncd[142431]: agwpe: handle_frame: port=0 kind=0x59 from="KU0HN" to="KU0HN-10" len=0
Sep 24 19:30:29 CarKit tncd[142431]: agwpe: 'Y' query "KU0HN"<->"KU0HN-10": outstanding=2
Sep 24 19:30:29 CarKit tncd[142431]: agwpe: handle_frame: port=0 kind=0x59 from="KU0HN" to="KU0HN-10" len=0
Sep 24 19:30:29 CarKit tncd[142431]: agwpe: 'Y' query "KU0HN"<->"KU0HN-10": outstanding=2
Sep 24 19:30:29 CarKit tncd[142431]: agwpe: handle_frame: port=0 kind=0x59 from="KU0HN" to="KU0HN-10" len=0
Sep 24 19:30:29 CarKit tncd[142431]: agwpe: 'Y' query "KU0HN"<->"KU0HN-10": outstanding=2
Sep 24 19:30:30 CarKit tncd[142431]: agwpe: handle_frame: port=0 kind=0x59 from="KU0HN" to="KU0HN-10" len=0
Sep 24 19:30:30 CarKit tncd[142431]: agwpe: 'Y' query "KU0HN"<->"KU0HN-10": outstanding=2
Sep 24 19:30:30 CarKit tncd[142431]: agwpe: handle_frame: port=0 kind=0x59 from="KU0HN" to="KU0HN-10" len=0
Sep 24 19:30:30 CarKit tncd[142431]: agwpe: 'Y' query "KU0HN"<->"KU0HN-10": outstanding=2
Sep 24 19:30:30 CarKit tncd[142431]: agwpe: handle_frame: port=0 kind=0x59 from="KU0HN" to="KU0HN-10" len=0
Sep 24 19:30:30 CarKit tncd[142431]: agwpe: 'Y' query "KU0HN"<->"KU0HN-10": outstanding=2
Sep 24 19:30:30 CarKit tncd[142431]: agwpe: handle_frame: port=0 kind=0x59 from="KU0HN" to="KU0HN-10" len=0
Sep 24 19:30:30 CarKit tncd[142431]: agwpe: 'Y' query "KU0HN"<->"KU0HN-10": outstanding=2
Sep 24 19:30:30 CarKit tncd[142431]: agwpe: handle_frame: port=0 kind=0x59 from="KU0HN" to="KU0HN-10" len=0
Sep 24 19:30:30 CarKit tncd[142431]: agwpe: 'Y' query "KU0HN"<->"KU0HN-10": outstanding=2
Sep 24 19:30:31 CarKit tncd[142431]: bluetooth: 38:D2:00:01:67:9D already connected, disconnecting first
Sep 24 19:30:31 CarKit tncd[142431]: bluetooth: RequestDisconnection: /org/bluez/hci0/dev_38_D2_00_01_67_9D
Sep 24 19:30:31 CarKit tncd[142431]: agwpe: handle_frame: port=0 kind=0x59 from="KU0HN" to="KU0HN-10" len=0
Sep 24 19:30:31 CarKit tncd[142431]: agwpe: 'Y' query "KU0HN"<->"KU0HN-10": outstanding=2
Sep 24 19:30:31 CarKit tncd[142431]: agwpe: handle_frame: port=0 kind=0x59 from="KU0HN" to="KU0HN-10" len=0
Sep 24 19:30:31 CarKit tncd[142431]: agwpe: 'Y' query "KU0HN"<->"KU0HN-10": outstanding=2
Sep 24 19:30:31 CarKit tncd[142431]: agwpe: handle_frame: port=0 kind=0x59 from="KU0HN" to="KU0HN-10" len=0
Sep 24 19:30:31 CarKit tncd[142431]: agwpe: 'Y' query "KU0HN"<->"KU0HN-10": outstanding=2
Sep 24 19:30:31 CarKit tncd[142431]: agwpe: handle_frame: port=0 kind=0x59 from="KU0HN" to="KU0HN-10" len=0
Sep 24 19:30:31 CarKit tncd[142431]: agwpe: 'Y' query "KU0HN"<->"KU0HN-10": outstanding=2
Sep 24 19:30:31 CarKit tncd[142431]: agwpe: handle_frame: port=0 kind=0x59 from="KU0HN" to="KU0HN-10" len=0
Sep 24 19:30:31 CarKit tncd[142431]: agwpe: 'Y' query "KU0HN"<->"KU0HN-10": outstanding=2
Sep 24 19:30:32 CarKit tncd[142431]: agwpe: handle_frame: port=0 kind=0x59 from="KU0HN" to="KU0HN-10" len=0
Sep 24 19:30:32 CarKit tncd[142431]: agwpe: 'Y' query "KU0HN"<->"KU0HN-10": outstanding=2
Sep 24 19:30:32 CarKit tncd[142431]: agwpe: handle_frame: port=0 kind=0x59 from="KU0HN" to="KU0HN-10" len=0
Sep 24 19:30:32 CarKit tncd[142431]: agwpe: 'Y' query "KU0HN"<->"KU0HN-10": outstanding=2
Sep 24 19:30:32 CarKit tncd[142431]: agwpe: handle_frame: port=0 kind=0x59 from="KU0HN" to="KU0HN-10" len=0
Sep 24 19:30:32 CarKit tncd[142431]: agwpe: 'Y' query "KU0HN"<->"KU0HN-10": outstanding=2
Sep 24 19:30:32 CarKit tncd[142431]: agwpe: handle_frame: port=0 kind=0x59 from="KU0HN" to="KU0HN-10" len=0
Sep 24 19:30:32 CarKit tncd[142431]: agwpe: 'Y' query "KU0HN"<->"KU0HN-10": outstanding=2
Sep 24 19:30:32 CarKit tncd[142431]: agwpe: handle_frame: port=0 kind=0x59 from="KU0HN" to="KU0HN-10" len=0
Sep 24 19:30:32 CarKit tncd[142431]: agwpe: 'Y' query "KU0HN"<->"KU0HN-10": outstanding=2
Sep 24 19:30:33 CarKit tncd[142431]: agwpe: handle_frame: port=0 kind=0x59 from="KU0HN" to="KU0HN-10" len=0
Sep 24 19:30:33 CarKit tncd[142431]: agwpe: 'Y' query "KU0HN"<->"KU0HN-10": outstanding=2
Sep 24 19:30:33 CarKit tncd[142431]: agwpe: handle_frame: port=0 kind=0x59 from="KU0HN" to="KU0HN-10" len=0
Sep 24 19:30:33 CarKit tncd[142431]: agwpe: 'Y' query "KU0HN"<->"KU0HN-10": outstanding=2
Sep 24 19:30:33 CarKit tncd[142431]: agwpe: handle_frame: port=0 kind=0x59 from="KU0HN" to="KU0HN-10" len=0
Sep 24 19:30:33 CarKit tncd[142431]: agwpe: 'Y' query "KU0HN"<->"KU0HN-10": outstanding=2
Sep 24 19:30:33 CarKit tncd[142431]: agwpe: handle_frame: port=0 kind=0x59 from="KU0HN" to="KU0HN-10" len=0
Sep 24 19:30:33 CarKit tncd[142431]: agwpe: 'Y' query "KU0HN"<->"KU0HN-10": outstanding=2
Sep 24 19:30:33 CarKit tncd[142431]: agwpe: handle_frame: port=0 kind=0x59 from="KU0HN" to="KU0HN-10" len=0
Sep 24 19:30:33 CarKit tncd[142431]: agwpe: 'Y' query "KU0HN"<->"KU0HN-10": outstanding=2
Sep 24 19:30:34 CarKit tncd[142431]: agwpe: handle_frame: port=0 kind=0x59 from="KU0HN" to="KU0HN-10" len=0
Sep 24 19:30:34 CarKit tncd[142431]: agwpe: 'Y' query "KU0HN"<->"KU0HN-10": outstanding=2
Sep 24 19:30:34 CarKit tncd[142431]: agwpe: handle_frame: port=0 kind=0x59 from="KU0HN" to="KU0HN-10" len=0
Sep 24 19:30:34 CarKit tncd[142431]: agwpe: 'Y' query "KU0HN"<->"KU0HN-10": outstanding=2
Sep 24 19:30:34 CarKit tncd[142431]: agwpe: handle_frame: port=0 kind=0x59 from="KU0HN" to="KU0HN-10" len=0
Sep 24 19:30:34 CarKit tncd[142431]: agwpe: 'Y' query "KU0HN"<->"KU0HN-10": outstanding=2
Sep 24 19:30:34 CarKit tncd[142431]: agwpe: handle_frame: port=0 kind=0x59 from="KU0HN" to="KU0HN-10" len=0
Sep 24 19:30:34 CarKit tncd[142431]: agwpe: 'Y' query "KU0HN"<->"KU0HN-10": outstanding=2
Sep 24 19:30:34 CarKit tncd[142431]: agwpe: handle_frame: port=0 kind=0x59 from="KU0HN" to="KU0HN-10" len=0
Sep 24 19:30:34 CarKit tncd[142431]: agwpe: 'Y' query "KU0HN"<->"KU0HN-10": outstanding=2
Sep 24 19:30:35 CarKit tncd[142431]: agwpe: handle_frame: port=0 kind=0x59 from="KU0HN" to="KU0HN-10" len=0
Sep 24 19:30:35 CarKit tncd[142431]: agwpe: 'Y' query "KU0HN"<->"KU0HN-10": outstanding=2
Sep 24 19:30:35 CarKit tncd[142431]: bluetooth: calling ConnectProfile on /org/bluez/hci0/dev_38_D2_00_01_67_9D
Sep 24 19:30:35 CarKit tncd[142431]: agwpe: handle_frame: port=0 kind=0x59 from="KU0HN" to="KU0HN-10" len=0
Sep 24 19:30:35 CarKit tncd[142431]: agwpe: 'Y' query "KU0HN"<->"KU0HN-10": outstanding=2
Sep 24 19:30:35 CarKit tncd[142431]: agwpe: handle_frame: port=0 kind=0x59 from="KU0HN" to="KU0HN-10" len=0
Sep 24 19:30:35 CarKit tncd[142431]: agwpe: 'Y' query "KU0HN"<->"KU0HN-10": outstanding=2
Sep 24 19:30:35 CarKit tncd[142431]: agwpe: handle_frame: port=0 kind=0x59 from="KU0HN" to="KU0HN-10" len=0
Sep 24 19:30:35 CarKit tncd[142431]: agwpe: 'Y' query "KU0HN"<->"KU0HN-10": outstanding=2
Sep 24 19:30:35 CarKit tncd[142431]: agwpe: handle_frame: port=0 kind=0x59 from="KU0HN" to="KU0HN-10" len=0
Sep 24 19:30:35 CarKit tncd[142431]: agwpe: 'Y' query "KU0HN"<->"KU0HN-10": outstanding=2
Sep 24 19:30:36 CarKit tncd[142431]: agwpe: handle_frame: port=0 kind=0x59 from="KU0HN" to="KU0HN-10" len=0
Sep 24 19:30:36 CarKit tncd[142431]: agwpe: 'Y' query "KU0HN"<->"KU0HN-10": outstanding=2
Sep 24 19:30:36 CarKit tncd[142431]: agwpe: handle_frame: port=0 kind=0x59 from="KU0HN" to="KU0HN-10" len=0
Sep 24 19:30:36 CarKit tncd[142431]: agwpe: 'Y' query "KU0HN"<->"KU0HN-10": outstanding=2
Sep 24 19:30:36 CarKit tncd[142431]: agwpe: handle_frame: port=0 kind=0x59 from="KU0HN" to="KU0HN-10" len=0
Sep 24 19:30:36 CarKit tncd[142431]: agwpe: 'Y' query "KU0HN"<->"KU0HN-10": outstanding=2
Sep 24 19:30:36 CarKit tncd[142431]: agwpe: handle_frame: port=0 kind=0x59 from="KU0HN" to="KU0HN-10" len=0
Sep 24 19:30:36 CarKit tncd[142431]: agwpe: 'Y' query "KU0HN"<->"KU0HN-10": outstanding=2
Sep 24 19:30:36 CarKit tncd[142431]: agwpe: handle_frame: port=0 kind=0x59 from="KU0HN" to="KU0HN-10" len=0
Sep 24 19:30:36 CarKit tncd[142431]: agwpe: 'Y' query "KU0HN"<->"KU0HN-10": outstanding=2
Sep 24 19:30:37 CarKit tncd[142431]: agwpe: handle_frame: port=0 kind=0x59 from="KU0HN" to="KU0HN-10" len=0
Sep 24 19:30:37 CarKit tncd[142431]: agwpe: 'Y' query "KU0HN"<->"KU0HN-10": outstanding=2
Sep 24 19:30:37 CarKit tncd[142431]: agwpe: handle_frame: port=0 kind=0x59 from="KU0HN" to="KU0HN-10" len=0
Sep 24 19:30:37 CarKit tncd[142431]: agwpe: 'Y' query "KU0HN"<->"KU0HN-10": outstanding=2
Sep 24 19:30:37 CarKit tncd[142431]: agwpe: handle_frame: port=0 kind=0x59 from="KU0HN" to="KU0HN-10" len=0
Sep 24 19:30:37 CarKit tncd[142431]: agwpe: 'Y' query "KU0HN"<->"KU0HN-10": outstanding=2
Sep 24 19:30:37 CarKit tncd[142431]: agwpe: handle_frame: port=0 kind=0x59 from="KU0HN" to="KU0HN-10" len=0
Sep 24 19:30:37 CarKit tncd[142431]: agwpe: 'Y' query "KU0HN"<->"KU0HN-10": outstanding=2
Sep 24 19:30:37 CarKit tncd[142431]: agwpe: handle_frame: port=0 kind=0x59 from="KU0HN" to="KU0HN-10" len=0
Sep 24 19:30:37 CarKit tncd[142431]: agwpe: 'Y' query "KU0HN"<->"KU0HN-10": outstanding=2
Sep 24 19:30:38 CarKit tncd[142431]: agwpe: handle_frame: port=0 kind=0x59 from="KU0HN" to="KU0HN-10" len=0
Sep 24 19:30:38 CarKit tncd[142431]: agwpe: 'Y' query "KU0HN"<->"KU0HN-10": outstanding=2
Sep 24 19:30:38 CarKit tncd[142431]: agwpe: handle_frame: port=0 kind=0x59 from="KU0HN" to="KU0HN-10" len=0
Sep 24 19:30:38 CarKit tncd[142431]: agwpe: 'Y' query "KU0HN"<->"KU0HN-10": outstanding=2
Sep 24 19:30:38 CarKit tncd[142431]: agwpe: handle_frame: port=0 kind=0x59 from="KU0HN" to="KU0HN-10" len=0
Sep 24 19:30:38 CarKit tncd[142431]: agwpe: 'Y' query "KU0HN"<->"KU0HN-10": outstanding=2
Sep 24 19:30:38 CarKit tncd[142431]: bluetooth: NewConnection: path=/org/bluez/hci0/dev_38_D2_00_01_67_9D fd=12
Sep 24 19:30:38 CarKit tncd[142431]: bluetooth: SPP socket ready (fd=12) for 38:D2:00:01:67:9D
Sep 24 19:30:38 CarKit tncd[142431]: bluetooth: 38:D2:00:01:67:9D dropped audio profile 0000111e-0000-1000-8000-00805f9b34fb
Sep 24 19:30:38 CarKit tncd[142431]: bluetooth: 38:D2:00:01:67:9D dropped audio profile 0000111f-0000-1000-8000-00805f9b34fb
Sep 24 19:30:38 CarKit tncd[142431]: bridge: port 0 online
Sep 24 19:30:38 CarKit tncd[142431]: agwpe: handle_frame: port=0 kind=0x59 from="KU0HN" to="KU0HN-10" len=0
Sep 24 19:30:38 CarKit tncd[142431]: agwpe: 'Y' query "KU0HN"<->"KU0HN-10": outstanding=2
Sep 24 19:30:38 CarKit tncd[142431]: agwpe: handle_frame: port=0 kind=0x59 from="KU0HN" to="KU0HN-10" len=0
Sep 24 19:30:38 CarKit tncd[142431]: agwpe: 'Y' query "KU0HN"<->"KU0HN-10": outstanding=2
Sep 24 19:30:39 CarKit tncd[142431]: agwpe: handle_frame: port=0 kind=0x59 from="KU0HN" to="KU0HN-10" len=0
Sep 24 19:30:39 CarKit tncd[142431]: agwpe: 'Y' query "KU0HN"<->"KU0HN-10": outstanding=2
Sep 24 19:30:39 CarKit tncd[142431]: agwpe: handle_frame: port=0 kind=0x59 from="KU0HN" to="KU0HN-10" len=0
Sep 24 19:30:39 CarKit tncd[142431]: agwpe: 'Y' query "KU0HN"<->"KU0HN-10": outstanding=2
Sep 24 19:30:39 CarKit tncd[142431]: agwpe: handle_frame: port=0 kind=0x59 from="KU0HN" to="KU0HN-10" len=0
Sep 24 19:30:39 CarKit tncd[142431]: agwpe: 'Y' query "KU0HN"<->"KU0HN-10": outstanding=2
Sep 24 19:30:39 CarKit tncd[142431]: agwpe: handle_frame: port=0 kind=0x59 from="KU0HN" to="KU0HN-10" len=0
Sep 24 19:30:39 CarKit tncd[142431]: agwpe: 'Y' query "KU0HN"<->"KU0HN-10": outstanding=2
Sep 24 19:30:39 CarKit tncd[142431]: agwpe: handle_frame: port=0 kind=0x59 from="KU0HN" to="KU0HN-10" len=0
Sep 24 19:30:39 CarKit tncd[142431]: agwpe: 'Y' query "KU0HN"<->"KU0HN-10": outstanding=2
Sep 24 19:30:40 CarKit tncd[142431]: agwpe: handle_frame: port=0 kind=0x59 from="KU0HN" to="KU0HN-10" len=0
Sep 24 19:30:40 CarKit tncd[142431]: agwpe: 'Y' query "KU0HN"<->"KU0HN-10": outstanding=2
Sep 24 19:30:40 CarKit tncd[142431]: agwpe: handle_frame: port=0 kind=0x59 from="KU0HN" to="KU0HN-10" len=0
Sep 24 19:30:40 CarKit tncd[142431]: agwpe: 'Y' query "KU0HN"<->"KU0HN-10": outstanding=2
Sep 24 19:30:40 CarKit tncd[142431]: agwpe: handle_frame: port=0 kind=0x59 from="KU0HN" to="KU0HN-10" len=0
Sep 24 19:30:40 CarKit tncd[142431]: agwpe: 'Y' query "KU0HN"<->"KU0HN-10": outstanding=2
Sep 24 19:30:40 CarKit tncd[142431]: agwpe: handle_frame: port=0 kind=0x59 from="KU0HN" to="KU0HN-10" len=0
Sep 24 19:30:40 CarKit tncd[142431]: agwpe: 'Y' query "KU0HN"<->"KU0HN-10": outstanding=2
Sep 24 19:30:40 CarKit tncd[142431]: agwpe: handle_frame: port=0 kind=0x59 from="KU0HN" to="KU0HN-10" len=0
Sep 24 19:30:40 CarKit tncd[142431]: agwpe: 'Y' query "KU0HN"<->"KU0HN-10": outstanding=2
Sep 24 19:30:41 CarKit tncd[142431]: agwpe: handle_frame: port=0 kind=0x59 from="KU0HN" to="KU0HN-10" len=0
Sep 24 19:30:41 CarKit tncd[142431]: agwpe: 'Y' query "KU0HN"<->"KU0HN-10": outstanding=2
Sep 24 19:30:41 CarKit tncd[142431]: agwpe: handle_frame: port=0 kind=0x59 from="KU0HN" to="KU0HN-10" len=0
Sep 24 19:30:41 CarKit tncd[142431]: agwpe: 'Y' query "KU0HN"<->"KU0HN-10": outstanding=2
Sep 24 19:30:41 CarKit tncd[142431]: agwpe: handle_frame: port=0 kind=0x59 from="KU0HN" to="KU0HN-10" len=0
Sep 24 19:30:41 CarKit tncd[142431]: agwpe: 'Y' query "KU0HN"<->"KU0HN-10": outstanding=2
Sep 24 19:30:41 CarKit tncd[142431]: agwpe: handle_frame: port=0 kind=0x59 from="KU0HN" to="KU0HN-10" len=0
Sep 24 19:30:41 CarKit tncd[142431]: agwpe: 'Y' query "KU0HN"<->"KU0HN-10": outstanding=2
Sep 24 19:30:41 CarKit tncd[142431]: agwpe: handle_frame: port=0 kind=0x59 from="KU0HN" to="KU0HN-10" len=0
Sep 24 19:30:41 CarKit tncd[142431]: agwpe: 'Y' query "KU0HN"<->"KU0HN-10": outstanding=2
Sep 24 19:30:42 CarKit tncd[142431]: agwpe: handle_frame: port=0 kind=0x59 from="KU0HN" to="KU0HN-10" len=0
Sep 24 19:30:42 CarKit tncd[142431]: agwpe: 'Y' query "KU0HN"<->"KU0HN-10": outstanding=2
Sep 24 19:30:42 CarKit tncd[142431]: agwpe: handle_frame: port=0 kind=0x59 from="KU0HN" to="KU0HN-10" len=0
Sep 24 19:30:42 CarKit tncd[142431]: agwpe: 'Y' query "KU0HN"<->"KU0HN-10": outstanding=2
Sep 24 19:30:42 CarKit tncd[142431]: agwpe: handle_frame: port=0 kind=0x59 from="KU0HN" to="KU0HN-10" len=0
Sep 24 19:30:42 CarKit tncd[142431]: agwpe: 'Y' query "KU0HN"<->"KU0HN-10": outstanding=2
Sep 24 19:30:42 CarKit tncd[142431]: agwpe: handle_frame: port=0 kind=0x59 from="KU0HN" to="KU0HN-10" len=0
Sep 24 19:30:42 CarKit tncd[142431]: agwpe: 'Y' query "KU0HN"<->"KU0HN-10": outstanding=2
Sep 24 19:30:42 CarKit tncd[142431]: agwpe: handle_frame: port=0 kind=0x59 from="KU0HN" to="KU0HN-10" len=0
Sep 24 19:30:42 CarKit tncd[142431]: agwpe: 'Y' query "KU0HN"<->"KU0HN-10": outstanding=2
Sep 24 19:30:43 CarKit tncd[142431]: agwpe: handle_frame: port=0 kind=0x59 from="KU0HN" to="KU0HN-10" len=0
Sep 24 19:30:43 CarKit tncd[142431]: agwpe: 'Y' query "KU0HN"<->"KU0HN-10": outstanding=2
Sep 24 19:30:43 CarKit tncd[142431]: agwpe: handle_frame: port=0 kind=0x59 from="KU0HN" to="KU0HN-10" len=0
Sep 24 19:30:43 CarKit tncd[142431]: agwpe: 'Y' query "KU0HN"<->"KU0HN-10": outstanding=2
Sep 24 19:30:43 CarKit tncd[142431]: agwpe: handle_frame: port=0 kind=0x59 from="KU0HN" to="KU0HN-10" len=0
Sep 24 19:30:43 CarKit tncd[142431]: agwpe: 'Y' query "KU0HN"<->"KU0HN-10": outstanding=2
Sep 24 19:30:43 CarKit tncd[142431]: agwpe: handle_frame: port=0 kind=0x59 from="KU0HN" to="KU0HN-10" len=0
Sep 24 19:30:43 CarKit tncd[142431]: agwpe: 'Y' query "KU0HN"<->"KU0HN-10": outstanding=2
Sep 24 19:30:43 CarKit tncd[142431]: agwpe: handle_frame: port=0 kind=0x59 from="KU0HN" to="KU0HN-10" len=0
Sep 24 19:30:43 CarKit tncd[142431]: agwpe: 'Y' query "KU0HN"<->"KU0HN-10": outstanding=2
Sep 24 19:30:44 CarKit tncd[142431]: agwpe: handle_frame: port=0 kind=0x59 from="KU0HN" to="KU0HN-10" len=0
Sep 24 19:30:44 CarKit tncd[142431]: agwpe: 'Y' query "KU0HN"<->"KU0HN-10": outstanding=2
Sep 24 19:30:44 CarKit tncd[142431]: agwpe: handle_frame: port=0 kind=0x59 from="KU0HN" to="KU0HN-10" len=0
Sep 24 19:30:44 CarKit tncd[142431]: agwpe: 'Y' query "KU0HN"<->"KU0HN-10": outstanding=2
Sep 24 19:30:44 CarKit tncd[142431]: agwpe: handle_frame: port=0 kind=0x59 from="KU0HN" to="KU0HN-10" len=0
Sep 24 19:30:44 CarKit tncd[142431]: agwpe: 'Y' query "KU0HN"<->"KU0HN-10": outstanding=2
Sep 24 19:30:44 CarKit tncd[142431]: agwpe: handle_frame: port=0 kind=0x59 from="KU0HN" to="KU0HN-10" len=0
Sep 24 19:30:44 CarKit tncd[142431]: agwpe: 'Y' query "KU0HN"<->"KU0HN-10": outstanding=2
Sep 24 19:30:44 CarKit tncd[142431]: agwpe: handle_frame: port=0 kind=0x59 from="KU0HN" to="KU0HN-10" len=0
Sep 24 19:30:44 CarKit tncd[142431]: agwpe: 'Y' query "KU0HN"<->"KU0HN-10": outstanding=2
Sep 24 19:30:45 CarKit tncd[142431]: agwpe: handle_frame: port=0 kind=0x59 from="KU0HN" to="KU0HN-10" len=0
Sep 24 19:30:45 CarKit tncd[142431]: agwpe: 'Y' query "KU0HN"<->"KU0HN-10": outstanding=2
Sep 24 19:30:45 CarKit tncd[142431]: agwpe: handle_frame: port=0 kind=0x59 from="KU0HN" to="KU0HN-10" len=0
Sep 24 19:30:45 CarKit tncd[142431]: agwpe: 'Y' query "KU0HN"<->"KU0HN-10": outstanding=2
Sep 24 19:30:45 CarKit tncd[142431]: agwpe: handle_frame: port=0 kind=0x59 from="KU0HN" to="KU0HN-10" len=0
Sep 24 19:30:45 CarKit tncd[142431]: agwpe: 'Y' query "KU0HN"<->"KU0HN-10": outstanding=2
Sep 24 19:30:45 CarKit tncd[142431]: agwpe: handle_frame: port=0 kind=0x59 from="KU0HN" to="KU0HN-10" len=0
Sep 24 19:30:45 CarKit tncd[142431]: agwpe: 'Y' query "KU0HN"<->"KU0HN-10": outstanding=2
Sep 24 19:30:45 CarKit tncd[142431]: agwpe: handle_frame: port=0 kind=0x59 from="KU0HN" to="KU0HN-10" len=0
Sep 24 19:30:45 CarKit tncd[142431]: agwpe: 'Y' query "KU0HN"<->"KU0HN-10": outstanding=2
Sep 24 19:30:46 CarKit tncd[142431]: agwpe: handle_frame: port=0 kind=0x59 from="KU0HN" to="KU0HN-10" len=0
Sep 24 19:30:46 CarKit tncd[142431]: agwpe: 'Y' query "KU0HN"<->"KU0HN-10": outstanding=2
Sep 24 19:30:46 CarKit tncd[142431]: agwpe: handle_frame: port=0 kind=0x59 from="KU0HN" to="KU0HN-10" len=0
Sep 24 19:30:46 CarKit tncd[142431]: agwpe: 'Y' query "KU0HN"<->"KU0HN-10": outstanding=2
Sep 24 19:30:46 CarKit tncd[142431]: agwpe: handle_frame: port=0 kind=0x59 from="KU0HN" to="KU0HN-10" len=0
Sep 24 19:30:46 CarKit tncd[142431]: agwpe: 'Y' query "KU0HN"<->"KU0HN-10": outstanding=2
Sep 24 19:30:46 CarKit tncd[142431]: agwpe: handle_frame: port=0 kind=0x59 from="KU0HN" to="KU0HN-10" len=0
Sep 24 19:30:46 CarKit tncd[142431]: agwpe: 'Y' query "KU0HN"<->"KU0HN-10": outstanding=2
Sep 24 19:30:46 CarKit tncd[142431]: agwpe: handle_frame: port=0 kind=0x59 from="KU0HN" to="KU0HN-10" len=0
Sep 24 19:30:46 CarKit tncd[142431]: agwpe: 'Y' query "KU0HN"<->"KU0HN-10": outstanding=2
Sep 24 19:30:47 CarKit tncd[142431]: agwpe: handle_frame: port=0 kind=0x59 from="KU0HN" to="KU0HN-10" len=0
Sep 24 19:30:47 CarKit tncd[142431]: agwpe: 'Y' query "KU0HN"<->"KU0HN-10": outstanding=2
Sep 24 19:30:47 CarKit tncd[142431]: agwpe: handle_frame: port=0 kind=0x59 from="KU0HN" to="KU0HN-10" len=0
Sep 24 19:30:47 CarKit tncd[142431]: agwpe: 'Y' query "KU0HN"<->"KU0HN-10": outstanding=2
Sep 24 19:30:47 CarKit tncd[142431]: agwpe: handle_frame: port=0 kind=0x59 from="KU0HN" to="KU0HN-10" len=0
Sep 24 19:30:47 CarKit tncd[142431]: agwpe: 'Y' query "KU0HN"<->"KU0HN-10": outstanding=2
Sep 24 19:30:47 CarKit tncd[142431]: agwpe: handle_frame: port=0 kind=0x59 from="KU0HN" to="KU0HN-10" len=0
Sep 24 19:30:47 CarKit tncd[142431]: agwpe: 'Y' query "KU0HN"<->"KU0HN-10": outstanding=2
Sep 24 19:30:47 CarKit tncd[142431]: agwpe: handle_frame: port=0 kind=0x59 from="KU0HN" to="KU0HN-10" len=0
Sep 24 19:30:47 CarKit tncd[142431]: agwpe: 'Y' query "KU0HN"<->"KU0HN-10": outstanding=2
Sep 24 19:30:48 CarKit tncd[142431]: agwpe: handle_frame: port=0 kind=0x59 from="KU0HN" to="KU0HN-10" len=0
Sep 24 19:30:48 CarKit tncd[142431]: agwpe: 'Y' query "KU0HN"<->"KU0HN-10": outstanding=2
Sep 24 19:30:48 CarKit tncd[142431]: agwpe: handle_frame: port=0 kind=0x59 from="KU0HN" to="KU0HN-10" len=0
Sep 24 19:30:48 CarKit tncd[142431]: agwpe: 'Y' query "KU0HN"<->"KU0HN-10": outstanding=2
Sep 24 19:30:48 CarKit tncd[142431]: agwpe: handle_frame: port=0 kind=0x59 from="KU0HN" to="KU0HN-10" len=0
Sep 24 19:30:48 CarKit tncd[142431]: agwpe: 'Y' query "KU0HN"<->"KU0HN-10": outstanding=2
Sep 24 19:30:48 CarKit tncd[142431]: agwpe: handle_frame: port=0 kind=0x59 from="KU0HN" to="KU0HN-10" len=0
Sep 24 19:30:48 CarKit tncd[142431]: agwpe: 'Y' query "KU0HN"<->"KU0HN-10": outstanding=2
Sep 24 19:30:48 CarKit tncd[142431]: agwpe: handle_frame: port=0 kind=0x59 from="KU0HN" to="KU0HN-10" len=0
Sep 24 19:30:48 CarKit tncd[142431]: agwpe: 'Y' query "KU0HN"<->"KU0HN-10": outstanding=2
Sep 24 19:30:49 CarKit tncd[142431]: bridge: port 0 still wedged after 5 relinks -- reconnecting is not clearing it; reset the Bluetooth adapter or power-cycle the TNC (consider serial/tcp for this port)
Sep 24 19:30:49 CarKit tncd[142431]: agwpe: handle_frame: port=0 kind=0x59 from="KU0HN" to="KU0HN-10" len=0
Sep 24 19:30:49 CarKit tncd[142431]: agwpe: 'Y' query "KU0HN"<->"KU0HN-10": outstanding=2
Sep 24 19:30:49 CarKit tncd[142431]: agwpe: handle_frame: port=0 kind=0x59 from="KU0HN" to="KU0HN-10" len=0
Sep 24 19:30:49 CarKit tncd[142431]: agwpe: 'Y' query "KU0HN"<->"KU0HN-10": outstanding=2
Sep 24 19:30:49 CarKit tncd[142431]: agwpe: handle_frame: port=0 kind=0x59 from="KU0HN" to="KU0HN-10" len=0
Sep 24 19:30:49 CarKit tncd[142431]: agwpe: 'Y' query "KU0HN"<->"KU0HN-10": outstanding=2
Sep 24 19:30:49 CarKit tncd[142431]: agwpe: handle_frame: port=0 kind=0x59 from="KU0HN" to="KU0HN-10" len=0
Sep 24 19:30:49 CarKit tncd[142431]: agwpe: 'Y' query "KU0HN"<->"KU0HN-10": outstanding=2
Sep 24 19:30:49 CarKit tncd[142431]: agwpe: handle_frame: port=0 kind=0x59 from="KU0HN" to="KU0HN-10" len=0
Sep 24 19:30:49 CarKit tncd[142431]: agwpe: 'Y' query "KU0HN"<->"KU0HN-10": outstanding=2
Sep 24 19:30:50 CarKit tncd[142431]: agwpe: handle_frame: port=0 kind=0x59 from="KU0HN" to="KU0HN-10" len=0
Sep 24 19:30:50 CarKit tncd[142431]: agwpe: 'Y' query "KU0HN"<->"KU0HN-10": outstanding=2
Sep 24 19:30:50 CarKit tncd[142431]: agwpe: handle_frame: port=0 kind=0x59 from="KU0HN" to="KU0HN-10" len=0
Sep 24 19:30:50 CarKit tncd[142431]: agwpe: 'Y' query "KU0HN"<->"KU0HN-10": outstanding=2
Sep 24 19:30:50 CarKit tncd[142431]: agwpe: handle_frame: port=0 kind=0x59 from="KU0HN" to="KU0HN-10" len=0
Sep 24 19:30:50 CarKit tncd[142431]: agwpe: 'Y' query "KU0HN"<->"KU0HN-10": outstanding=2
Sep 24 19:30:50 CarKit tncd[142431]: agwpe: handle_frame: port=0 kind=0x59 from="KU0HN" to="KU0HN-10" len=0
Sep 24 19:30:50 CarKit tncd[142431]: agwpe: 'Y' query "KU0HN"<->"KU0HN-10": outstanding=2
Sep 24 19:30:50 CarKit tncd[142431]: agwpe: handle_frame: port=0 kind=0x59 from="KU0HN" to="KU0HN-10" len=0
Sep 24 19:30:50 CarKit tncd[142431]: agwpe: 'Y' query "KU0HN"<->"KU0HN-10": outstanding=2
Sep 24 19:30:51 CarKit tncd[142431]: bluetooth: 38:D2:00:01:67:9D already connected, disconnecting first
Sep 24 19:30:51 CarKit tncd[142431]: bluetooth: RequestDisconnection: /org/bluez/hci0/dev_38_D2_00_01_67_9D
Sep 24 19:30:51 CarKit tncd[142431]: agwpe: handle_frame: port=0 kind=0x59 from="KU0HN" to="KU0HN-10" len=0
Sep 24 19:30:51 CarKit tncd[142431]: agwpe: 'Y' query "KU0HN"<->"KU0HN-10": outstanding=2
Sep 24 19:30:51 CarKit tncd[142431]: agwpe: handle_frame: port=0 kind=0x59 from="KU0HN" to="KU0HN-10" len=0
Sep 24 19:30:51 CarKit tncd[142431]: agwpe: 'Y' query "KU0HN"<->"KU0HN-10": outstanding=2
Sep 24 19:30:51 CarKit tncd[142431]: agwpe: handle_frame: port=0 kind=0x59 from="KU0HN" to="KU0HN-10" len=0
Sep 24 19:30:51 CarKit tncd[142431]: agwpe: 'Y' query "KU0HN"<->"KU0HN-10": outstanding=2
Sep 24 19:30:51 CarKit tncd[142431]: agwpe: handle_frame: port=0 kind=0x59 from="KU0HN" to="KU0HN-10" len=0
Sep 24 19:30:51 CarKit tncd[142431]: agwpe: 'Y' query "KU0HN"<->"KU0HN-10": outstanding=2
Sep 24 19:30:51 CarKit tncd[142431]: agwpe: handle_frame: port=0 kind=0x59 from="KU0HN" to="KU0HN-10" len=0
Sep 24 19:30:51 CarKit tncd[142431]: agwpe: 'Y' query "KU0HN"<->"KU0HN-10": outstanding=2
Sep 24 19:30:52 CarKit tncd[142431]: agwpe: handle_frame: port=0 kind=0x59 from="KU0HN" to="KU0HN-10" len=0
Sep 24 19:30:52 CarKit tncd[142431]: agwpe: 'Y' query "KU0HN"<->"KU0HN-10": outstanding=2
Sep 24 19:30:52 CarKit tncd[142431]: agwpe: handle_frame: port=0 kind=0x59 from="KU0HN" to="KU0HN-10" len=0
Sep 24 19:30:52 CarKit tncd[142431]: agwpe: 'Y' query "KU0HN"<->"KU0HN-10": outstanding=2
Sep 24 19:30:52 CarKit tncd[142431]: agwpe: handle_frame: port=0 kind=0x59 from="KU0HN" to="KU0HN-10" len=0
Sep 24 19:30:52 CarKit tncd[142431]: agwpe: 'Y' query "KU0HN"<->"KU0HN-10": outstanding=2
Sep 24 19:30:52 CarKit tncd[142431]: agwpe: handle_frame: port=0 kind=0x59 from="KU0HN" to="KU0HN-10" len=0
Sep 24 19:30:52 CarKit tncd[142431]: agwpe: 'Y' query "KU0HN"<->"KU0HN-10": outstanding=2
Sep 24 19:30:52 CarKit tncd[142431]: agwpe: handle_frame: port=0 kind=0x59 from="KU0HN" to="KU0HN-10" len=0
Sep 24 19:30:52 CarKit tncd[142431]: agwpe: 'Y' query "KU0HN"<->"KU0HN-10": outstanding=2
Sep 24 19:30:53 CarKit tncd[142431]: agwpe: handle_frame: port=0 kind=0x59 from="KU0HN" to="KU0HN-10" len=0
Sep 24 19:30:53 CarKit tncd[142431]: agwpe: 'Y' query "KU0HN"<->"KU0HN-10": outstanding=2
Sep 24 19:30:53 CarKit tncd[142431]: agwpe: handle_frame: port=0 kind=0x59 from="KU0HN" to="KU0HN-10" len=0
Sep 24 19:30:53 CarKit tncd[142431]: agwpe: 'Y' query "KU0HN"<->"KU0HN-10": outstanding=2
Sep 24 19:30:53 CarKit tncd[142431]: bluetooth: calling ConnectProfile on /org/bluez/hci0/dev_38_D2_00_01_67_9D
Sep 24 19:30:53 CarKit tncd[142431]: agwpe: handle_frame: port=0 kind=0x59 from="KU0HN" to="KU0HN-10" len=0
Sep 24 19:30:53 CarKit tncd[142431]: agwpe: 'Y' query "KU0HN"<->"KU0HN-10": outstanding=2
Sep 24 19:30:53 CarKit tncd[142431]: agwpe: handle_frame: port=0 kind=0x59 from="KU0HN" to="KU0HN-10" len=0
Sep 24 19:30:53 CarKit tncd[142431]: agwpe: 'Y' query "KU0HN"<->"KU0HN-10": outstanding=2
Sep 24 19:30:53 CarKit tncd[142431]: agwpe: handle_frame: port=0 kind=0x59 from="KU0HN" to="KU0HN-10" len=0
Sep 24 19:30:53 CarKit tncd[142431]: agwpe: 'Y' query "KU0HN"<->"KU0HN-10": outstanding=2
Sep 24 19:30:54 CarKit tncd[142431]: agwpe: handle_frame: port=0 kind=0x59 from="KU0HN" to="KU0HN-10" len=0
Sep 24 19:30:54 CarKit tncd[142431]: agwpe: 'Y' query "KU0HN"<->"KU0HN-10": outstanding=2
Sep 24 19:30:54 CarKit tncd[142431]: agwpe: handle_frame: port=0 kind=0x59 from="KU0HN" to="KU0HN-10" len=0
Sep 24 19:30:54 CarKit tncd[142431]: agwpe: 'Y' query "KU0HN"<->"KU0HN-10": outstanding=2
Sep 24 19:30:54 CarKit tncd[142431]: agwpe: handle_frame: port=0 kind=0x59 from="KU0HN" to="KU0HN-10" len=0
Sep 24 19:30:54 CarKit tncd[142431]: agwpe: 'Y' query "KU0HN"<->"KU0HN-10": outstanding=2
Sep 24 19:30:54 CarKit tncd[142431]: agwpe: handle_frame: port=0 kind=0x59 from="KU0HN" to="KU0HN-10" len=0
Sep 24 19:30:54 CarKit tncd[142431]: agwpe: 'Y' query "KU0HN"<->"KU0HN-10": outstanding=2
Sep 24 19:30:54 CarKit tncd[142431]: agwpe: handle_frame: port=0 kind=0x59 from="KU0HN" to="KU0HN-10" len=0
Sep 24 19:30:54 CarKit tncd[142431]: agwpe: 'Y' query "KU0HN"<->"KU0HN-10": outstanding=2
Sep 24 19:30:55 CarKit tncd[142431]: agwpe: handle_frame: port=0 kind=0x59 from="KU0HN" to="KU0HN-10" len=0
Sep 24 19:30:55 CarKit tncd[142431]: agwpe: 'Y' query "KU0HN"<->"KU0HN-10": outstanding=2
Sep 24 19:30:55 CarKit tncd[142431]: agwpe: handle_frame: port=0 kind=0x59 from="KU0HN" to="KU0HN-10" len=0
Sep 24 19:30:55 CarKit tncd[142431]: agwpe: 'Y' query "KU0HN"<->"KU0HN-10": outstanding=2
Sep 24 19:30:55 CarKit tncd[142431]: agwpe: handle_frame: port=0 kind=0x59 from="KU0HN" to="KU0HN-10" len=0
Sep 24 19:30:55 CarKit tncd[142431]: agwpe: 'Y' query "KU0HN"<->"KU0HN-10": outstanding=2
Sep 24 19:30:55 CarKit tncd[142431]: agwpe: handle_frame: port=0 kind=0x59 from="KU0HN" to="KU0HN-10" len=0
Sep 24 19:30:55 CarKit tncd[142431]: agwpe: 'Y' query "KU0HN"<->"KU0HN-10": outstanding=2
Sep 24 19:30:55 CarKit tncd[142431]: agwpe: handle_frame: port=0 kind=0x59 from="KU0HN" to="KU0HN-10" len=0
Sep 24 19:30:55 CarKit tncd[142431]: agwpe: 'Y' query "KU0HN"<->"KU0HN-10": outstanding=2
Sep 24 19:30:56 CarKit tncd[142431]: agwpe: handle_frame: port=0 kind=0x59 from="KU0HN" to="KU0HN-10" len=0
Sep 24 19:30:56 CarKit tncd[142431]: agwpe: 'Y' query "KU0HN"<->"KU0HN-10": outstanding=2
Sep 24 19:30:56 CarKit tncd[142431]: agwpe: handle_frame: port=0 kind=0x59 from="KU0HN" to="KU0HN-10" len=0
Sep 24 19:30:56 CarKit tncd[142431]: agwpe: 'Y' query "KU0HN"<->"KU0HN-10": outstanding=2
Sep 24 19:30:56 CarKit tncd[142431]: agwpe: handle_frame: port=0 kind=0x59 from="KU0HN" to="KU0HN-10" len=0
Sep 24 19:30:56 CarKit tncd[142431]: agwpe: 'Y' query "KU0HN"<->"KU0HN-10": outstanding=2
Sep 24 19:30:56 CarKit tncd[142431]: bluetooth: NewConnection: path=/org/bluez/hci0/dev_38_D2_00_01_67_9D fd=12
Sep 24 19:30:56 CarKit tncd[142431]: bluetooth: SPP socket ready (fd=12) for 38:D2:00:01:67:9D
Sep 24 19:30:56 CarKit tncd[142431]: bluetooth: 38:D2:00:01:67:9D dropped audio profile 0000111e-0000-1000-8000-00805f9b34fb
Sep 24 19:30:56 CarKit tncd[142431]: bluetooth: 38:D2:00:01:67:9D dropped audio profile 0000111f-0000-1000-8000-00805f9b34fb
Sep 24 19:30:56 CarKit tncd[142431]: bridge: port 0 online
Sep 24 19:30:56 CarKit tncd[142431]: agwpe: handle_frame: port=0 kind=0x59 from="KU0HN" to="KU0HN-10" len=0
Sep 24 19:30:56 CarKit tncd[142431]: agwpe: 'Y' query "KU0HN"<->"KU0HN-10": outstanding=2
Sep 24 19:30:56 CarKit tncd[142431]: agwpe: handle_frame: port=0 kind=0x59 from="KU0HN" to="KU0HN-10" len=0
Sep 24 19:30:56 CarKit tncd[142431]: agwpe: 'Y' query "KU0HN"<->"KU0HN-10": outstanding=2
Sep 24 19:30:57 CarKit tncd[142431]: agwpe: handle_frame: port=0 kind=0x59 from="KU0HN" to="KU0HN-10" len=0
Sep 24 19:30:57 CarKit tncd[142431]: agwpe: 'Y' query "KU0HN"<->"KU0HN-10": outstanding=2
Sep 24 19:30:57 CarKit tncd[142431]: agwpe: handle_frame: port=0 kind=0x59 from="KU0HN" to="KU0HN-10" len=0
Sep 24 19:30:57 CarKit tncd[142431]: agwpe: 'Y' query "KU0HN"<->"KU0HN-10": outstanding=2
Sep 24 19:30:57 CarKit tncd[142431]: agwpe: handle_frame: port=0 kind=0x59 from="KU0HN" to="KU0HN-10" len=0
Sep 24 19:30:57 CarKit tncd[142431]: agwpe: 'Y' query "KU0HN"<->"KU0HN-10": outstanding=2
Sep 24 19:30:57 CarKit tncd[142431]: agwpe: handle_frame: port=0 kind=0x59 from="KU0HN" to="KU0HN-10" len=0
Sep 24 19:30:57 CarKit tncd[142431]: agwpe: 'Y' query "KU0HN"<->"KU0HN-10": outstanding=2
Sep 24 19:30:57 CarKit tncd[142431]: agwpe: handle_frame: port=0 kind=0x59 from="KU0HN" to="KU0HN-10" len=0
Sep 24 19:30:57 CarKit tncd[142431]: agwpe: 'Y' query "KU0HN"<->"KU0HN-10": outstanding=2
Sep 24 19:30:58 CarKit tncd[142431]: agwpe: handle_frame: port=0 kind=0x59 from="KU0HN" to="KU0HN-10" len=0
Sep 24 19:30:58 CarKit tncd[142431]: agwpe: 'Y' query "KU0HN"<->"KU0HN-10": outstanding=2
Sep 24 19:30:58 CarKit tncd[142431]: agwpe: handle_frame: port=0 kind=0x59 from="KU0HN" to="KU0HN-10" len=0
Sep 24 19:30:58 CarKit tncd[142431]: agwpe: 'Y' query "KU0HN"<->"KU0HN-10": outstanding=2
Sep 24 19:30:58 CarKit tncd[142431]: agwpe: handle_frame: port=0 kind=0x59 from="KU0HN" to="KU0HN-10" len=0
Sep 24 19:30:58 CarKit tncd[142431]: agwpe: 'Y' query "KU0HN"<->"KU0HN-10": outstanding=2
Sep 24 19:30:58 CarKit tncd[142431]: agwpe: handle_frame: port=0 kind=0x59 from="KU0HN" to="KU0HN-10" len=0
Sep 24 19:30:58 CarKit tncd[142431]: agwpe: 'Y' query "KU0HN"<->"KU0HN-10": outstanding=2
Sep 24 19:30:58 CarKit tncd[142431]: agwpe: handle_frame: port=0 kind=0x59 from="KU0HN" to="KU0HN-10" len=0
Sep 24 19:30:58 CarKit tncd[142431]: agwpe: 'Y' query "KU0HN"<->"KU0HN-10": outstanding=2
Sep 24 19:30:59 CarKit tncd[142431]: agwpe: handle_frame: port=0 kind=0x59 from="KU0HN" to="KU0HN-10" len=0
Sep 24 19:30:59 CarKit tncd[142431]: agwpe: 'Y' query "KU0HN"<->"KU0HN-10": outstanding=2
Sep 24 19:30:59 CarKit tncd[142431]: agwpe: handle_frame: port=0 kind=0x59 from="KU0HN" to="KU0HN-10" len=0
Sep 24 19:30:59 CarKit tncd[142431]: agwpe: 'Y' query "KU0HN"<->"KU0HN-10": outstanding=2
Sep 24 19:30:59 CarKit tncd[142431]: agwpe: handle_frame: port=0 kind=0x64 from="KU0HN" to="KU0HN-10" len=0
Sep 24 19:30:59 CarKit tncd[142431]: agwpe: DISCONNECT "KU0HN" -> "KU0HN-10"
Sep 24 19:31:09 CarKit tncd[142431]: bridge: port 0 still wedged after 6 relinks -- reconnecting is not clearing it; reset the Bluetooth adapter or power-cycle the TNC (consider serial/tcp for this port)
Sep 24 19:31:11 CarKit tncd[142431]: bluetooth: 38:D2:00:01:67:9D already connected, disconnecting first
Sep 24 19:31:11 CarKit tncd[142431]: bluetooth: RequestDisconnection: /org/bluez/hci0/dev_38_D2_00_01_67_9D
Sep 24 19:31:13 CarKit tncd[142431]: bluetooth: calling ConnectProfile on /org/bluez/hci0/dev_38_D2_00_01_67_9D
Sep 24 19:31:17 CarKit tncd[142431]: bluetooth: NewConnection: path=/org/bluez/hci0/dev_38_D2_00_01_67_9D fd=12
Sep 24 19:31:17 CarKit tncd[142431]: bluetooth: SPP socket ready (fd=12) for 38:D2:00:01:67:9D
Sep 24 19:31:17 CarKit tncd[142431]: bluetooth: 38:D2:00:01:67:9D dropped audio profile 0000111e-0000-1000-8000-00805f9b34fb
Sep 24 19:31:17 CarKit tncd[142431]: bluetooth: 38:D2:00:01:67:9D dropped audio profile 0000111f-0000-1000-8000-00805f9b34fb
Sep 24 19:31:17 CarKit tncd[142431]: bridge: port 0 online
Sep 24 19:31:24 CarKit tncd[142431]: bridge: port 0 failed to parse AX.25 frame: ax25: frame too short (5 bytes) (len=5 raw=b2bd7d8fe9)
Sep 24 19:31:27 CarKit tncd[142431]: bluetooth: calling ConnectProfile on /org/bluez/hci0/dev_34_81_F4_AA_B3_D3
Sep 24 19:31:27 CarKit tncd[142431]: bluetooth: calling ConnectProfile on /org/bluez/hci0/dev_38_D2_00_01_52_8F
Sep 24 19:31:27 CarKit tncd[142431]: bridge: port 1 reconnect error: bluetooth: ConnectProfile: Method "ConnectProfile" with signature "s" on interface "org.bluez.Device1" doesn't exist
Sep 24 19:31:27 CarKit tncd[142431]: bridge: port 1 reconnect in 60.0s
Sep 24 19:31:27 CarKit tncd[142431]: bridge: port 2 reconnect error: bluetooth: ConnectProfile: Method "ConnectProfile" with signature "s" on interface "org.bluez.Device1" doesn't exist
Sep 24 19:31:27 CarKit tncd[142431]: bridge: port 2 reconnect in 60.0s
Sep 24 19:31:29 CarKit tncd[142431]: bridge: port 0 still wedged after 7 relinks -- reconnecting is not clearing it; reset the Bluetooth adapter or power-cycle the TNC (consider serial/tcp for this port)
Sep 24 19:31:31 CarKit tncd[142431]: bluetooth: 38:D2:00:01:67:9D already connected, disconnecting first
Sep 24 19:31:31 CarKit tncd[142431]: bluetooth: RequestDisconnection: /org/bluez/hci0/dev_38_D2_00_01_67_9D
Sep 24 19:31:33 CarKit tncd[142431]: bluetooth: calling ConnectProfile on /org/bluez/hci0/dev_38_D2_00_01_67_9D
Sep 24 19:31:37 CarKit tncd[142431]: bluetooth: NewConnection: path=/org/bluez/hci0/dev_38_D2_00_01_67_9D fd=12
Sep 24 19:31:37 CarKit tncd[142431]: bluetooth: SPP socket ready (fd=12) for 38:D2:00:01:67:9D
Sep 24 19:31:37 CarKit tncd[142431]: bluetooth: 38:D2:00:01:67:9D dropped audio profile 0000111e-0000-1000-8000-00805f9b34fb
Sep 24 19:31:37 CarKit tncd[142431]: bluetooth: 38:D2:00:01:67:9D dropped audio profile 0000111f-0000-1000-8000-00805f9b34fb
Sep 24 19:31:37 CarKit tncd[142431]: bridge: port 0 online
Sep 24 19:31:49 CarKit tncd[142431]: bridge: port 0 still wedged after 8 relinks -- reconnecting is not clearing it; reset the Bluetooth adapter or power-cycle the TNC (consider serial/tcp for this port)
Sep 24 19:31:51 CarKit tncd[142431]: bluetooth: 38:D2:00:01:67:9D already connected, disconnecting first
Sep 24 19:31:51 CarKit tncd[142431]: bluetooth: RequestDisconnection: /org/bluez/hci0/dev_38_D2_00_01_67_9D
Sep 24 19:31:53 CarKit tncd[142431]: bluetooth: calling ConnectProfile on /org/bluez/hci0/dev_38_D2_00_01_67_9D
Sep 24 19:31:56 CarKit tncd[142431]: bluetooth: NewConnection: path=/org/bluez/hci0/dev_38_D2_00_01_67_9D fd=12
Sep 24 19:31:56 CarKit tncd[142431]: bluetooth: SPP socket ready (fd=12) for 38:D2:00:01:67:9D
Sep 24 19:31:56 CarKit tncd[142431]: bluetooth: 38:D2:00:01:67:9D dropped audio profile 0000111e-0000-1000-8000-00805f9b34fb
Sep 24 19:31:56 CarKit tncd[142431]: bluetooth: 38:D2:00:01:67:9D dropped audio profile 0000111f-0000-1000-8000-00805f9b34fb
Sep 24 19:31:56 CarKit tncd[142431]: bridge: port 0 online
Sep 24 19:32:02 CarKit tncd[142431]: agwpe: handle_frame: port=0 kind=0x52 from="" to="" len=0
Sep 24 19:32:02 CarKit tncd[142431]: agwpe: VERSION request
Sep 24 19:32:02 CarKit tncd[142431]: agwpe: handle_frame: port=0 kind=0x43 from="KU0HN" to="KU0HN-10" len=0
Sep 24 19:32:02 CarKit tncd[142431]: agwpe: CONNECT "KU0HN" -> "KU0HN-10"
Sep 24 19:32:24 CarKit tncd[142431]: bridge: port 0 RX wedged -- 23s silence with unacked TX; relinking (keeping session)
Sep 24 19:32:26 CarKit tncd[142431]: bluetooth: 38:D2:00:01:67:9D already connected, disconnecting first
Sep 24 19:32:26 CarKit tncd[142431]: bluetooth: RequestDisconnection: /org/bluez/hci0/dev_38_D2_00_01_67_9D
Sep 24 19:32:27 CarKit tncd[142431]: bluetooth: calling ConnectProfile on /org/bluez/hci0/dev_34_81_F4_AA_B3_D3
Sep 24 19:32:27 CarKit tncd[142431]: bluetooth: calling ConnectProfile on /org/bluez/hci0/dev_38_D2_00_01_52_8F
Sep 24 19:32:27 CarKit tncd[142431]: bridge: port 1 reconnect error: bluetooth: ConnectProfile: Method "ConnectProfile" with signature "s" on interface "org.bluez.Device1" doesn't exist
Sep 24 19:32:27 CarKit tncd[142431]: bridge: port 1 reconnect in 60.0s
Sep 24 19:32:27 CarKit tncd[142431]: bridge: port 2 reconnect error: bluetooth: ConnectProfile: Method "ConnectProfile" with signature "s" on interface "org.bluez.Device1" doesn't exist
Sep 24 19:32:27 CarKit tncd[142431]: bridge: port 2 reconnect in 60.0s
Sep 24 19:32:28 CarKit tncd[142431]: bluetooth: calling ConnectProfile on /org/bluez/hci0/dev_38_D2_00_01_67_9D
Sep 24 19:32:32 CarKit tncd[142431]: bluetooth: NewConnection: path=/org/bluez/hci0/dev_38_D2_00_01_67_9D fd=12
Sep 24 19:32:32 CarKit tncd[142431]: bluetooth: SPP socket ready (fd=12) for 38:D2:00:01:67:9D
Sep 24 19:32:32 CarKit tncd[142431]: bluetooth: 38:D2:00:01:67:9D dropped audio profile 0000111e-0000-1000-8000-00805f9b34fb
Sep 24 19:32:32 CarKit tncd[142431]: bluetooth: 38:D2:00:01:67:9D dropped audio profile 0000111f-0000-1000-8000-00805f9b34fb
Sep 24 19:32:32 CarKit tncd[142431]: bridge: port 0 online
Sep 24 19:32:44 CarKit tncd[142431]: bridge: port 0 RX wedged -- 20s silence with unacked TX; relinking (keeping session)
Sep 24 19:32:46 CarKit tncd[142431]: bluetooth: 38:D2:00:01:67:9D already connected, disconnecting first
Sep 24 19:32:46 CarKit tncd[142431]: bluetooth: RequestDisconnection: /org/bluez/hci0/dev_38_D2_00_01_67_9D
Sep 24 19:32:48 CarKit tncd[142431]: bluetooth: calling ConnectProfile on /org/bluez/hci0/dev_38_D2_00_01_67_9D
Sep 24 19:32:51 CarKit tncd[142431]: bluetooth: NewConnection: path=/org/bluez/hci0/dev_38_D2_00_01_67_9D fd=12
Sep 24 19:32:51 CarKit tncd[142431]: bluetooth: SPP socket ready (fd=12) for 38:D2:00:01:67:9D
Sep 24 19:32:51 CarKit tncd[142431]: bluetooth: 38:D2:00:01:67:9D dropped audio profile 0000111e-0000-1000-8000-00805f9b34fb
Sep 24 19:32:51 CarKit tncd[142431]: bluetooth: 38:D2:00:01:67:9D dropped audio profile 0000111f-0000-1000-8000-00805f9b34fb
Sep 24 19:32:51 CarKit tncd[142431]: bridge: port 0 online
Sep 24 19:33:04 CarKit tncd[142431]: bridge: port 0 still wedged after 3 relinks -- reconnecting is not clearing it; reset the Bluetooth adapter or power-cycle the TNC (consider serial/tcp for this port)
Sep 24 19:33:06 CarKit tncd[142431]: bluetooth: 38:D2:00:01:67:9D already connected, disconnecting first
Sep 24 19:33:06 CarKit tncd[142431]: bluetooth: RequestDisconnection: /org/bluez/hci0/dev_38_D2_00_01_67_9D
Sep 24 19:33:08 CarKit tncd[142431]: bluetooth: calling ConnectProfile on /org/bluez/hci0/dev_38_D2_00_01_67_9D
Sep 24 19:33:12 CarKit tncd[142431]: bluetooth: NewConnection: path=/org/bluez/hci0/dev_38_D2_00_01_67_9D fd=12
Sep 24 19:33:12 CarKit tncd[142431]: bluetooth: SPP socket ready (fd=12) for 38:D2:00:01:67:9D
Sep 24 19:33:12 CarKit tncd[142431]: bluetooth: 38:D2:00:01:67:9D dropped audio profile 0000111e-0000-1000-8000-00805f9b34fb
Sep 24 19:33:12 CarKit tncd[142431]: bluetooth: 38:D2:00:01:67:9D dropped audio profile 0000111f-0000-1000-8000-00805f9b34fb
Sep 24 19:33:12 CarKit tncd[142431]: bridge: port 0 online
Sep 24 19:33:24 CarKit tncd[142431]: bridge: port 0 still wedged after 4 relinks -- reconnecting is not clearing it; reset the Bluetooth adapter or power-cycle the TNC (consider serial/tcp for this port)
Sep 24 19:33:26 CarKit tncd[142431]: bluetooth: 38:D2:00:01:67:9D already connected, disconnecting first
Sep 24 19:33:26 CarKit tncd[142431]: bluetooth: RequestDisconnection: /org/bluez/hci0/dev_38_D2_00_01_67_9D
Sep 24 19:33:27 CarKit tncd[142431]: bluetooth: calling ConnectProfile on /org/bluez/hci0/dev_34_81_F4_AA_B3_D3
Sep 24 19:33:27 CarKit tncd[142431]: bridge: port 1 reconnect error: bluetooth: ConnectProfile: Method "ConnectProfile" with signature "s" on interface "org.bluez.Device1" doesn't exist
Sep 24 19:33:27 CarKit tncd[142431]: bridge: port 1 reconnect in 60.0s
Sep 24 19:33:27 CarKit tncd[142431]: bluetooth: calling ConnectProfile on /org/bluez/hci0/dev_38_D2_00_01_52_8F
Sep 24 19:33:27 CarKit tncd[142431]: bridge: port 2 reconnect error: bluetooth: ConnectProfile: Method "ConnectProfile" with signature "s" on interface "org.bluez.Device1" doesn't exist
Sep 24 19:33:27 CarKit tncd[142431]: bridge: port 2 reconnect in 60.0s
Sep 24 19:33:28 CarKit tncd[142431]: bluetooth: calling ConnectProfile on /org/bluez/hci0/dev_38_D2_00_01_67_9D
Sep 24 19:33:31 CarKit tncd[142431]: bluetooth: NewConnection: path=/org/bluez/hci0/dev_38_D2_00_01_67_9D fd=12
Sep 24 19:33:31 CarKit tncd[142431]: bluetooth: SPP socket ready (fd=12) for 38:D2:00:01:67:9D
Sep 24 19:33:31 CarKit tncd[142431]: bluetooth: 38:D2:00:01:67:9D dropped audio profile 0000111e-0000-1000-8000-00805f9b34fb
Sep 24 19:33:31 CarKit tncd[142431]: bluetooth: 38:D2:00:01:67:9D dropped audio profile 0000111f-0000-1000-8000-00805f9b34fb
Sep 24 19:33:31 CarKit tncd[142431]: bridge: port 0 online
Sep 24 19:33:42 CarKit tncd[142431]: agwpe: handle_frame: port=0 kind=0x59 from="KU0HN" to="KU0HN-10" len=0
Sep 24 19:33:42 CarKit tncd[142431]: agwpe: 'Y' query "KU0HN"<->"KU0HN-10": outstanding=0
Sep 24 19:33:42 CarKit tncd[142431]: agwpe: handle_frame: port=0 kind=0x44 from="KU0HN" to="KU0HN-10" len=74
Sep 24 19:33:42 CarKit tncd[142431]: agwpe: handle_frame: port=0 kind=0x59 from="KU0HN" to="KU0HN-10" len=0
Sep 24 19:33:42 CarKit tncd[142431]: agwpe: 'Y' query "KU0HN"<->"KU0HN-10": outstanding=1
Sep 24 19:33:42 CarKit tncd[142431]: agwpe: handle_frame: port=0 kind=0x59 from="KU0HN" to="KU0HN-10" len=0
Sep 24 19:33:42 CarKit tncd[142431]: agwpe: 'Y' query "KU0HN"<->"KU0HN-10": outstanding=1
Sep 24 19:33:42 CarKit tncd[142431]: agwpe: handle_frame: port=0 kind=0x44 from="KU0HN" to="KU0HN-10" len=29
Sep 24 19:33:42 CarKit tncd[142431]: agwpe: handle_frame: port=0 kind=0x59 from="KU0HN" to="KU0HN-10" len=0
Sep 24 19:33:42 CarKit tncd[142431]: agwpe: 'Y' query "KU0HN"<->"KU0HN-10": outstanding=2
Sep 24 19:33:42 CarKit tncd[142431]: agwpe: handle_frame: port=0 kind=0x59 from="KU0HN" to="KU0HN-10" len=0
Sep 24 19:33:42 CarKit tncd[142431]: agwpe: 'Y' query "KU0HN"<->"KU0HN-10": outstanding=2
Sep 24 19:33:42 CarKit tncd[142431]: agwpe: handle_frame: port=0 kind=0x44 from="KU0HN" to="KU0HN-10" len=6
Sep 24 19:33:42 CarKit tncd[142431]: agwpe: handle_frame: port=0 kind=0x59 from="KU0HN" to="KU0HN-10" len=0
Sep 24 19:33:42 CarKit tncd[142431]: agwpe: 'Y' query "KU0HN"<->"KU0HN-10": outstanding=3
Sep 24 19:34:12 CarKit tncd[142431]: agwpe: handle_frame: port=0 kind=0x59 from="KU0HN" to="KU0HN-10" len=0
Sep 24 19:34:12 CarKit tncd[142431]: agwpe: 'Y' query "KU0HN"<->"KU0HN-10": outstanding=0
Sep 24 19:34:12 CarKit tncd[142431]: agwpe: handle_frame: port=0 kind=0x44 from="KU0HN" to="KU0HN-10" len=30
Sep 24 19:34:12 CarKit tncd[142431]: agwpe: handle_frame: port=0 kind=0x59 from="KU0HN" to="KU0HN-10" len=0
Sep 24 19:34:12 CarKit tncd[142431]: agwpe: 'Y' query "KU0HN"<->"KU0HN-10": outstanding=1
Sep 24 19:34:12 CarKit tncd[142431]: agwpe: handle_frame: port=0 kind=0x59 from="KU0HN" to="KU0HN-10" len=0
Sep 24 19:34:12 CarKit tncd[142431]: agwpe: 'Y' query "KU0HN"<->"KU0HN-10": outstanding=1
Sep 24 19:34:12 CarKit tncd[142431]: agwpe: handle_frame: port=0 kind=0x44 from="KU0HN" to="KU0HN-10" len=127
Sep 24 19:34:12 CarKit tncd[142431]: agwpe: handle_frame: port=0 kind=0x59 from="KU0HN" to="KU0HN-10" len=0
Sep 24 19:34:12 CarKit tncd[142431]: agwpe: 'Y' query "KU0HN"<->"KU0HN-10": outstanding=2
Sep 24 19:34:12 CarKit tncd[142431]: agwpe: handle_frame: port=0 kind=0x59 from="KU0HN" to="KU0HN-10" len=0
Sep 24 19:34:12 CarKit tncd[142431]: agwpe: 'Y' query "KU0HN"<->"KU0HN-10": outstanding=2
Sep 24 19:34:12 CarKit tncd[142431]: agwpe: handle_frame: port=0 kind=0x44 from="KU0HN" to="KU0HN-10" len=114
Sep 24 19:34:12 CarKit tncd[142431]: agwpe: handle_frame: port=0 kind=0x59 from="KU0HN" to="KU0HN-10" len=0
Sep 24 19:34:12 CarKit tncd[142431]: agwpe: 'Y' query "KU0HN"<->"KU0HN-10": outstanding=3
Sep 24 19:34:12 CarKit tncd[142431]: agwpe: handle_frame: port=0 kind=0x59 from="KU0HN" to="KU0HN-10" len=0
Sep 24 19:34:12 CarKit tncd[142431]: agwpe: 'Y' query "KU0HN"<->"KU0HN-10": outstanding=3
Sep 24 19:34:12 CarKit tncd[142431]: agwpe: handle_frame: port=0 kind=0x44 from="KU0HN" to="KU0HN-10" len=2
Sep 24 19:34:12 CarKit tncd[142431]: agwpe: handle_frame: port=0 kind=0x59 from="KU0HN" to="KU0HN-10" len=0
Sep 24 19:34:12 CarKit tncd[142431]: agwpe: 'Y' query "KU0HN"<->"KU0HN-10": outstanding=4
Sep 24 19:34:12 CarKit tncd[142431]: agwpe: handle_frame: port=0 kind=0x59 from="KU0HN" to="KU0HN-10" len=0
Sep 24 19:34:12 CarKit tncd[142431]: agwpe: 'Y' query "KU0HN"<->"KU0HN-10": outstanding=4
Sep 24 19:34:12 CarKit tncd[142431]: agwpe: handle_frame: port=0 kind=0x59 from="KU0HN" to="KU0HN-10" len=0
Sep 24 19:34:12 CarKit tncd[142431]: agwpe: 'Y' query "KU0HN"<->"KU0HN-10": outstanding=4
Sep 24 19:34:12 CarKit tncd[142431]: agwpe: handle_frame: port=0 kind=0x59 from="KU0HN" to="KU0HN-10" len=0
Sep 24 19:34:12 CarKit tncd[142431]: agwpe: 'Y' query "KU0HN"<->"KU0HN-10": outstanding=4
Sep 24 19:34:12 CarKit tncd[142431]: agwpe: handle_frame: port=0 kind=0x59 from="KU0HN" to="KU0HN-10" len=0
Sep 24 19:34:12 CarKit tncd[142431]: agwpe: 'Y' query "KU0HN"<->"KU0HN-10": outstanding=4
Sep 24 19:34:12 CarKit tncd[142431]: agwpe: handle_frame: port=0 kind=0x59 from="KU0HN" to="KU0HN-10" len=0
Sep 24 19:34:12 CarKit tncd[142431]: agwpe: 'Y' query "KU0HN"<->"KU0HN-10": outstanding=4
Sep 24 19:34:13 CarKit tncd[142431]: agwpe: handle_frame: port=0 kind=0x59 from="KU0HN" to="KU0HN-10" len=0
Sep 24 19:34:13 CarKit tncd[142431]: agwpe: 'Y' query "KU0HN"<->"KU0HN-10": outstanding=4
Sep 24 19:34:13 CarKit tncd[142431]: agwpe: handle_frame: port=0 kind=0x59 from="KU0HN" to="KU0HN-10" len=0
Sep 24 19:34:13 CarKit tncd[142431]: agwpe: 'Y' query "KU0HN"<->"KU0HN-10": outstanding=4
Sep 24 19:34:13 CarKit tncd[142431]: agwpe: handle_frame: port=0 kind=0x59 from="KU0HN" to="KU0HN-10" len=0
Sep 24 19:34:13 CarKit tncd[142431]: agwpe: 'Y' query "KU0HN"<->"KU0HN-10": outstanding=4
Sep 24 19:34:13 CarKit tncd[142431]: agwpe: handle_frame: port=0 kind=0x59 from="KU0HN" to="KU0HN-10" len=0
Sep 24 19:34:13 CarKit tncd[142431]: agwpe: 'Y' query "KU0HN"<->"KU0HN-10": outstanding=4
Sep 24 19:34:13 CarKit tncd[142431]: agwpe: handle_frame: port=0 kind=0x59 from="KU0HN" to="KU0HN-10" len=0
Sep 24 19:34:13 CarKit tncd[142431]: agwpe: 'Y' query "KU0HN"<->"KU0HN-10": outstanding=4
Sep 24 19:34:14 CarKit tncd[142431]: agwpe: handle_frame: port=0 kind=0x59 from="KU0HN" to="KU0HN-10" len=0
Sep 24 19:34:14 CarKit tncd[142431]: agwpe: 'Y' query "KU0HN"<->"KU0HN-10": outstanding=4
Sep 24 19:34:14 CarKit tncd[142431]: agwpe: handle_frame: port=0 kind=0x59 from="KU0HN" to="KU0HN-10" len=0
Sep 24 19:34:14 CarKit tncd[142431]: agwpe: 'Y' query "KU0HN"<->"KU0HN-10": outstanding=4
Sep 24 19:34:14 CarKit tncd[142431]: agwpe: handle_frame: port=0 kind=0x59 from="KU0HN" to="KU0HN-10" len=0
Sep 24 19:34:14 CarKit tncd[142431]: agwpe: 'Y' query "KU0HN"<->"KU0HN-10": outstanding=4
Sep 24 19:34:14 CarKit tncd[142431]: agwpe: handle_frame: port=0 kind=0x59 from="KU0HN" to="KU0HN-10" len=0
Sep 24 19:34:14 CarKit tncd[142431]: agwpe: 'Y' query "KU0HN"<->"KU0HN-10": outstanding=4
Sep 24 19:34:14 CarKit tncd[142431]: agwpe: handle_frame: port=0 kind=0x59 from="KU0HN" to="KU0HN-10" len=0
Sep 24 19:34:14 CarKit tncd[142431]: agwpe: 'Y' query "KU0HN"<->"KU0HN-10": outstanding=4
Sep 24 19:34:15 CarKit tncd[142431]: agwpe: handle_frame: port=0 kind=0x59 from="KU0HN" to="KU0HN-10" len=0
Sep 24 19:34:15 CarKit tncd[142431]: agwpe: 'Y' query "KU0HN"<->"KU0HN-10": outstanding=4
Sep 24 19:34:15 CarKit tncd[142431]: agwpe: handle_frame: port=0 kind=0x59 from="KU0HN" to="KU0HN-10" len=0
Sep 24 19:34:15 CarKit tncd[142431]: agwpe: 'Y' query "KU0HN"<->"KU0HN-10": outstanding=4
Sep 24 19:34:15 CarKit tncd[142431]: agwpe: handle_frame: port=0 kind=0x59 from="KU0HN" to="KU0HN-10" len=0
Sep 24 19:34:15 CarKit tncd[142431]: agwpe: 'Y' query "KU0HN"<->"KU0HN-10": outstanding=4
Sep 24 19:34:15 CarKit tncd[142431]: agwpe: handle_frame: port=0 kind=0x59 from="KU0HN" to="KU0HN-10" len=0
Sep 24 19:34:15 CarKit tncd[142431]: agwpe: 'Y' query "KU0HN"<->"KU0HN-10": outstanding=4
Sep 24 19:34:15 CarKit tncd[142431]: agwpe: handle_frame: port=0 kind=0x59 from="KU0HN" to="KU0HN-10" len=0
Sep 24 19:34:15 CarKit tncd[142431]: agwpe: 'Y' query "KU0HN"<->"KU0HN-10": outstanding=4
